u,v
0,1
0,6
0,14
0,25
0,48
0,64
0,80
0,93
0,114
0,138
0,187
0,212
0,229
0,233
0,258
0,286
0,290
0,293
0,304
0,315
0,323
0,340
0,343
0,348
0,361
0,366
0,387
0,508
0,514
0,635
0,874
1,10
1,23
1,51
1,63
1,74
1,98
1,101
1,117
1,202
1,217
1,218
1,230
1,245
1,248
1,273
1,274
1,286
1,321
1,351
1,356
1,361
1,369
1,544
1,565
1,600
1,684
1,691
1,694
2,3
2,20
2,48
2,71
2,85
2,86
2,115
2,128
2,142
2,158
2,231
2,237
2,238
2,240
2,249
2,284
2,298
2,300
2,307
2,385
2,553
2,577
2,621
2,727
2,843
2,896
3,12
3,14
3,21
3,46
3,57
3,120
3,138
3,140
3,156
3,158
3,163
3,183
3,186
3,252
3,257
3,263
3,272
3,280
3,283
3,291
3,318
3,373
3,377
3,386
3,397
3,399
3,437
3,522
3,541
3,698
3,733
3,980
4,30
4,40
4,61
4,62
4,68
4,80
4,83
4,109
4,133
4,134
4,146
4,147
4,173
4,212
4,213
4,220
4,233
4,236
4,256
4,281
4,301
4,308
4,316
4,341
4,349
4,372
4,406
4,449
4,530
4,603
4,883
5,12
5,20
5,36
5,42
5,48
5,64
5,89
5,114
5,158
5,166
5,176
5,186
5,193
5,194
5,206
5,250
5,265
5,270
5,283
5,287
5,289
5,304
5,326
5,334
5,352
5,369
5,370
5,371
5,375
5,380
5,394
5,395
5,398
5,433
5,461
5,500
5,552
5,682
5,697
5,844
5,864
5,914
6,11
6,15
6,17
6,33
6,42
6,43
6,61
6,82
6,120
6,144
6,171
6,189
6,211
6,225
6,232
6,238
6,270
6,274
6,281
6,300
6,301
6,311
6,349
6,551
6,969
7,14
7,20
7,46
7,52
7,92
7,105
7,120
7,124
7,127
7,140
7,144
7,158
7,180
7,194
7,225
7,228
7,241
7,247
7,251
7,265
7,332
7,340
7,349
7,370
7,375
7,392
7,432
7,434
7,505
7,516
7,715
7,724
7,994
8,32
8,52
8,68
8,75
8,87
8,154
8,159
8,165
8,173
8,174
8,186
8,187
8,217
8,225
8,228
8,239
8,241
8,249
8,256
8,281
8,309
8,321
8,340
8,359
8,360
8,369
8,409
8,418
8,537
8,610
8,839
9,20
9,23
9,25
9,59
9,63
9,89
9,100
9,123
9,124
9,202
9,276
9,281
9,282
9,291
9,299
9,375
9,673
9,733
9,849
10,56
10,63
10,65
10,75
10,78
10,99
10,123
10,130
10,135
10,162
10,182
10,189
10,196
10,206
10,260
10,293
10,296
10,321
10,332
10,335
10,343
10,344
10,378
10,383
10,505
10,602
10,685
10,718
10,737
10,742
11,14
11,32
11,43
11,74
11,75
11,104
11,156
11,205
11,229
11,231
11,249
11,252
11,275
11,316
11,319
11,349
11,374
11,386
11,412
11,447
11,536
11,560
11,598
11,606
11,819
11,879
12,19
12,21
12,53
12,67
12,69
12,103
12,142
12,146
12,148
12,160
12,167
12,199
12,202
12,241
12,257
12,267
12,275
12,286
12,296
12,316
12,334
12,366
12,367
12,368
12,376
12,395
12,437
12,495
12,689
12,765
12,796
12,816
13,50
13,84
13,102
13,106
13,121
13,134
13,155
13,178
13,231
13,233
13,239
13,263
13,278
13,282
13,295
13,308
13,326
13,348
13,380
13,390
13,488
13,585
13,589
13,646
14,27
14,39
14,42
14,49
14,57
14,89
14,114
14,150
14,157
14,172
14,173
14,182
14,190
14,267
14,270
14,278
14,300
14,304
14,306
14,335
14,343
14,354
14,359
14,541
14,652
14,672
14,705
14,719
14,722
14,727
14,827
14,846
15,33
15,59
15,77
15,114
15,137
15,171
15,206
15,228
15,232
15,272
15,327
15,344
15,350
15,356
15,362
15,363
15,370
15,660
15,676
15,711
15,745
15,804
15,832
15,927
15,944
16,32
16,43
16,55
16,72
16,94
16,112
16,121
16,137
16,149
16,163
16,166
16,172
16,205
16,236
16,254
16,269
16,281
16,299
16,309
16,310
16,328
16,360
16,363
16,390
16,432
16,464
16,478
16,811
17,22
17,66
17,90
17,92
17,137
17,153
17,158
17,165
17,167
17,190
17,200
17,221
17,251
17,261
17,266
17,283
17,286
17,297
17,304
17,309
17,325
17,334
17,349
17,358
17,365
17,369
17,394
17,395
17,397
17,419
17,438
17,522
17,714
17,721
17,751
17,867
18,39
18,91
18,92
18,104
18,116
18,120
18,138
18,184
18,192
18,195
18,200
18,202
18,203
18,214
18,236
18,238
18,241
18,251
18,255
18,270
18,306
18,307
18,323
18,350
18,362
18,381
18,386
18,389
18,409
18,428
18,785
18,950
19,50
19,68
19,78
19,101
19,108
19,129
19,135
19,181
19,183
19,200
19,203
19,205
19,207
19,222
19,230
19,247
19,252
19,277
19,278
19,280
19,307
19,313
19,375
19,382
19,383
19,410
19,451
19,457
19,649
19,879
20,26
20,73
20,77
20,94
20,103
20,122
20,143
20,161
20,163
20,165
20,178
20,182
20,201
20,212
20,238
20,240
20,243
20,295
20,310
20,315
20,389
20,390
21,25
21,29
21,44
21,52
21,67
21,98
21,110
21,111
21,117
21,137
21,165
21,189
21,195
21,217
21,227
21,264
21,273
21,279
21,294
21,302
21,304
21,305
21,339
21,347
21,351
21,384
21,407
21,560
22,30
22,39
22,57
22,74
22,80
22,86
22,97
22,105
22,108
22,118
22,123
22,127
22,132
22,168
22,184
22,203
22,213
22,252
22,266
22,269
22,281
22,291
22,319
22,354
22,369
22,376
22,379
22,391
22,394
22,395
22,479
22,581
22,760
23,57
23,77
23,81
23,87
23,97
23,123
23,153
23,163
23,186
23,191
23,195
23,196
23,214
23,241
23,249
23,272
23,279
23,285
23,294
23,333
23,369
23,376
23,389
23,451
23,452
23,522
23,598
23,611
23,799
23,909
24,29
24,63
24,83
24,87
24,107
24,120
24,138
24,159
24,162
24,167
24,191
24,200
24,203
24,212
24,259
24,290
24,298
24,331
24,336
24,349
24,369
24,399
24,431
24,625
24,633
24,671
24,673
24,676
24,801
24,866
24,932
25,71
25,79
25,118
25,138
25,139
25,200
25,202
25,206
25,229
25,292
25,299
25,306
25,328
25,329
25,344
25,358
25,382
25,546
25,656
25,664
25,827
25,947
26,32
26,63
26,76
26,104
26,108
26,133
26,161
26,179
26,190
26,199
26,217
26,233
26,239
26,273
26,274
26,279
26,296
26,316
26,327
26,376
26,396
26,436
26,540
26,623
26,681
26,734
26,870
26,930
27,31
27,44
27,48
27,79
27,100
27,102
27,105
27,120
27,125
27,149
27,167
27,194
27,231
27,251
27,295
27,301
27,305
27,331
27,335
27,351
27,355
27,365
27,372
27,378
27,397
27,665
27,743
27,817
28,32
28,44
28,60
28,91
28,93
28,113
28,117
28,139
28,165
28,181
28,198
28,226
28,234
28,238
28,258
28,268
28,279
28,291
28,297
28,312
28,323
28,352
28,357
28,364
28,380
28,390
28,464
28,581
28,596
28,719
28,832
29,41
29,48
29,54
29,85
29,98
29,111
29,129
29,142
29,155
29,191
29,210
29,221
29,239
29,246
29,249
29,259
29,290
29,294
29,300
29,317
29,326
29,328
29,331
29,340
29,357
29,485
29,496
29,779
30,33
30,59
30,117
30,123
30,149
30,193
30,203
30,209
30,214
30,238
30,298
30,379
30,395
30,464
30,530
31,44
31,46
31,51
31,100
31,101
31,120
31,168
31,188
31,189
31,203
31,205
31,207
31,273
31,280
31,296
31,303
31,314
31,321
31,326
31,346
31,356
31,372
31,378
31,387
31,471
31,530
31,716
31,748
31,964
32,96
32,142
32,145
32,160
32,195
32,228
32,244
32,253
32,262
32,270
32,273
32,274
32,310
32,325
32,341
32,351
32,356
32,365
32,366
32,367
32,374
32,381
32,388
32,785
33,42
33,63
33,64
33,66
33,130
33,183
33,198
33,238
33,251
33,300
33,330
33,333
33,371
33,375
33,377
33,388
33,397
33,655
33,663
33,686
33,867
34,41
34,62
34,110
34,147
34,159
34,185
34,192
34,203
34,204
34,209
34,210
34,228
34,231
34,264
34,293
34,294
34,310
34,318
34,321
34,325
34,345
34,356
34,370
34,394
34,399
34,499
34,629
34,667
34,781
34,840
34,846
35,84
35,88
35,92
35,114
35,117
35,127
35,131
35,133
35,144
35,156
35,192
35,202
35,259
35,282
35,298
35,300
35,307
35,325
35,381
35,382
35,391
35,435
35,545
35,687
35,734
35,852
35,889
35,906
36,75
36,79
36,118
36,146
36,159
36,162
36,167
36,171
36,177
36,183
36,220
36,221
36,222
36,227
36,244
36,272
36,282
36,301
36,305
36,315
36,321
36,324
36,334
36,336
36,341
36,352
36,368
36,390
36,422
36,541
36,568
36,689
36,736
36,970
37,89
37,90
37,106
37,130
37,195
37,200
37,217
37,219
37,238
37,239
37,241
37,276
37,286
37,287
37,331
37,345
37,375
37,388
37,395
37,516
37,627
37,856
38,44
38,63
38,81
38,82
38,94
38,99
38,136
38,141
38,152
38,166
38,187
38,192
38,195
38,206
38,215
38,263
38,264
38,268
38,288
38,294
38,307
38,351
38,354
38,362
38,370
38,378
38,437
38,440
38,572
38,623
38,741
38,816
38,827
39,55
39,63
39,67
39,82
39,89
39,134
39,163
39,179
39,183
39,214
39,227
39,234
39,235
39,247
39,258
39,282
39,283
39,290
39,292
39,335
39,359
39,429
39,440
39,612
39,649
39,686
39,688
39,724
39,958
40,62
40,80
40,89
40,91
40,150
40,165
40,204
40,231
40,258
40,261
40,267
40,303
40,334
40,342
40,347
40,351
40,363
40,393
40,439
40,501
40,510
40,636
41,52
41,73
41,78
41,92
41,108
41,135
41,146
41,165
41,216
41,239
41,262
41,266
41,278
41,303
41,309
41,333
41,340
41,361
41,370
41,388
41,422
41,441
41,720
41,740
41,856
42,44
42,52
42,67
42,72
42,80
42,86
42,87
42,95
42,108
42,133
42,135
42,145
42,190
42,191
42,200
42,204
42,238
42,254
42,274
42,279
42,280
42,307
42,308
42,312
42,314
42,323
42,341
42,388
42,520
42,658
42,909
42,997
43,52
43,60
43,64
43,75
43,77
43,89
43,93
43,98
43,101
43,121
43,128
43,130
43,149
43,156
43,183
43,189
43,268
43,289
43,295
43,296
43,332
43,334
43,360
43,380
43,450
43,847
43,950
44,49
44,62
44,71
44,76
44,89
44,106
44,114
44,218
44,226
44,265
44,269
44,308
44,366
44,374
44,385
44,397
44,456
44,584
44,621
44,948
45,76
45,94
45,104
45,125
45,128
45,181
45,194
45,196
45,227
45,238
45,272
45,315
45,332
45,357
45,364
45,483
45,675
45,686
46,71
46,77
46,91
46,115
46,121
46,129
46,137
46,140
46,154
46,211
46,244
46,257
46,263
46,270
46,274
46,290
46,299
46,326
46,364
46,399
46,436
46,456
46,483
46,545
46,682
46,712
46,721
46,762
46,996
47,80
47,96
47,99
47,102
47,110
47,125
47,136
47,143
47,145
47,151
47,187
47,190
47,196
47,206
47,212
47,231
47,234
47,261
47,298
47,312
47,372
47,393
47,421
47,576
47,607
47,625
47,737
47,986
48,55
48,78
48,92
48,99
48,108
48,122
48,145
48,154
48,175
48,187
48,219
48,246
48,252
48,286
48,334
48,376
48,593
48,626
48,735
49,55
49,123
49,125
49,127
49,132
49,137
49,171
49,225
49,244
49,249
49,261
49,264
49,295
49,297
49,300
49,302
49,311
49,315
49,324
49,329
49,350
49,363
49,369
49,373
49,389
49,390
49,396
49,574
49,705
49,919
50,72
50,91
50,101
50,120
50,134
50,141
50,142
50,161
50,171
50,177
50,326
50,335
50,357
50,366
50,392
50,399
50,589
50,638
50,690
50,794
51,55
51,69
51,87
51,88
51,103
51,129
51,133
51,159
51,161
51,164
51,166
51,180
51,184
51,196
51,220
51,235
51,247
51,252
51,286
51,305
51,306
51,318
51,321
51,326
51,386
51,569
51,748
52,59
52,66
52,73
52,84
52,92
52,99
52,100
52,118
52,147
52,163
52,178
52,201
52,213
52,236
52,237
52,242
52,252
52,256
52,258
52,272
52,307
52,334
52,380
52,392
52,398
52,462
53,73
53,75
53,78
53,79
53,85
53,98
53,104
53,111
53,127
53,140
53,141
53,148
53,162
53,186
53,231
53,235
53,243
53,247
53,253
53,274
53,290
53,291
53,295
53,358
53,387
53,390
53,393
53,397
53,698
54,59
54,61
54,88
54,94
54,101
54,144
54,167
54,212
54,218
54,225
54,243
54,264
54,267
54,277
54,286
54,300
54,317
54,319
54,322
54,326
54,332
54,351
54,383
54,474
54,488
54,599
54,631
54,651
54,761
55,83
55,86
55,111
55,113
55,152
55,156
55,165
55,177
55,185
55,222
55,227
55,234
55,244
55,256
55,264
55,284
55,292
55,301
55,310
55,339
55,398
55,526
55,625
55,709
55,902
56,82
56,87
56,126
56,166
56,207
56,209
56,236
56,261
56,294
56,300
56,365
56,375
56,381
56,386
56,397
57,72
57,118
57,132
57,146
57,151
57,185
57,210
57,228
57,241
57,248
57,254
57,270
57,321
57,325
57,340
57,345
57,353
57,379
57,383
57,386
57,481
57,482
57,592
57,595
58,78
58,81
58,119
58,157
58,167
58,219
58,221
58,226
58,235
58,254
58,269
58,342
58,345
58,361
58,381
58,385
58,389
58,539
58,629
59,68
59,80
59,93
59,114
59,117
59,125
59,126
59,127
59,139
59,155
59,165
59,179
59,197
59,218
59,224
59,237
59,263
59,297
59,299
59,304
59,352
59,354
59,358
59,369
59,376
59,377
59,385
59,404
59,607
59,682
60,73
60,110
60,132
60,133
60,135
60,145
60,156
60,167
60,168
60,174
60,177
60,197
60,198
60,215
60,216
60,232
60,248
60,275
60,326
60,333
60,351
60,367
60,370
60,371
60,442
60,537
60,605
60,998
61,80
61,105
61,121
61,135
61,146
61,157
61,165
61,173
61,178
61,182
61,201
61,208
61,210
61,230
61,295
61,334
61,346
61,349
61,352
61,470
61,584
61,587
61,656
61,979
62,74
62,75
62,82
62,109
62,150
62,164
62,199
62,215
62,227
62,255
62,274
62,291
62,317
62,327
62,334
62,338
62,342
62,343
62,348
62,349
62,361
62,373
62,621
62,721
62,738
63,75
63,115
63,121
63,146
63,147
63,167
63,208
63,213
63,219
63,237
63,244
63,251
63,278
63,285
63,294
63,318
63,336
63,355
63,833
64,67
64,72
64,73
64,128
64,131
64,151
64,152
64,156
64,178
64,190
64,210
64,240
64,263
64,268
64,270
64,277
64,280
64,292
64,297
64,303
64,306
64,307
64,316
64,317
64,318
64,355
64,367
64,373
64,385
64,394
64,525
64,673
64,706
64,925
65,66
65,78
65,86
65,101
65,125
65,168
65,204
65,212
65,218
65,223
65,231
65,245
65,247
65,257
65,259
65,294
65,299
65,318
65,324
65,327
65,332
65,339
65,345
65,349
65,357
65,367
65,376
65,396
65,448
65,632
65,638
66,93
66,97
66,126
66,133
66,146
66,150
66,157
66,186
66,198
66,217
66,225
66,242
66,258
66,291
66,297
66,299
66,326
66,340
66,346
66,352
66,357
66,389
66,767
66,820
66,890
66,904
67,75
67,87
67,90
67,111
67,113
67,122
67,129
67,156
67,187
67,189
67,220
67,249
67,269
67,285
67,290
67,327
67,341
67,349
67,365
67,370
67,372
67,376
67,377
67,389
67,396
67,404
68,73
68,95
68,97
68,105
68,169
68,176
68,181
68,211
68,233
68,248
68,264
68,266
68,316
68,326
68,359
68,393
68,410
68,428
68,481
68,485
68,507
68,595
69,117
69,124
69,151
69,156
69,165
69,181
69,189
69,232
69,242
69,252
69,253
69,262
69,279
69,305
69,309
69,337
69,362
69,371
69,376
69,377
69,437
69,449
69,555
69,728
69,758
70,123
70,126
70,136
70,139
70,171
70,179
70,203
70,207
70,214
70,217
70,224
70,229
70,250
70,251
70,268
70,278
70,288
70,299
70,304
70,307
70,314
70,346
70,366
70,371
70,394
70,413
70,450
70,475
70,549
70,615
70,824
71,73
71,82
71,110
71,116
71,128
71,129
71,143
71,157
71,193
71,203
71,215
71,231
71,241
71,294
71,303
71,312
71,323
71,332
71,353
71,388
71,396
71,714
72,77
72,83
72,104
72,132
72,144
72,157
72,177
72,194
72,213
72,222
72,245
72,250
72,252
72,256
72,263
72,270
72,273
72,289
72,333
72,336
72,348
72,393
72,396
72,540
72,554
72,586
72,607
72,876
72,942
73,103
73,132
73,141
73,152
73,173
73,175
73,199
73,207
73,215
73,232
73,235
73,240
73,247
73,273
73,297
73,310
73,319
73,324
73,328
73,342
73,357
73,358
73,364
73,463
73,469
73,564
73,681
73,728
73,997
74,87
74,89
74,90
74,106
74,117
74,162
74,170
74,207
74,210
74,213
74,214
74,231
74,290
74,295
74,315
74,317
74,330
74,372
74,386
74,393
74,446
74,482
74,612
75,81
75,95
75,102
75,112
75,125
75,128
75,131
75,162
75,202
75,211
75,248
75,264
75,271
75,295
75,300
75,314
75,324
75,332
75,357
75,508
75,514
75,604
75,692
75,714
75,767
76,126
76,144
76,163
76,196
76,229
76,252
76,282
76,289
76,312
76,314
76,365
76,375
76,380
76,503
76,693
76,966
77,87
77,96
77,98
77,106
77,127
77,146
77,168
77,179
77,196
77,200
77,214
77,221
77,228
77,241
77,255
77,291
77,295
77,305
77,308
77,314
77,350
77,353
77,359
77,360
77,362
77,503
77,596
77,940
77,962
78,121
78,131
78,185
78,212
78,226
78,228
78,247
78,251
78,283
78,291
78,310
78,343
78,344
78,354
78,363
78,379
78,380
78,381
78,393
78,469
78,522
78,577
78,599
78,702
78,748
79,102
79,135
79,140
79,160
79,177
79,181
79,187
79,218
79,224
79,236
79,275
79,278
79,287
79,298
79,317
79,328
79,339
79,343
79,351
79,364
79,372
79,373
79,386
79,390
79,395
79,429
79,489
79,595
79,624
80,105
80,116
80,204
80,208
80,213
80,220
80,235
80,251
80,255
80,276
80,303
80,311
80,336
80,337
80,355
80,357
80,365
80,382
80,398
80,435
80,504
80,560
80,565
80,865
81,86
81,119
81,127
81,137
81,146
81,150
81,151
81,155
81,159
81,166
81,167
81,178
81,214
81,228
81,245
81,250
81,304
81,317
81,319
81,326
81,334
81,340
81,360
81,365
81,381
81,386
81,393
81,735
81,777
81,955
81,968
82,87
82,91
82,92
82,99
82,132
82,173
82,180
82,190
82,236
82,296
82,304
82,313
82,325
82,371
82,393
82,604
82,696
82,722
83,91
83,128
83,145
83,190
83,204
83,214
83,255
83,259
83,284
83,290
83,299
83,318
83,341
83,365
83,391
83,397
83,817
84,94
84,98
84,101
84,116
84,123
84,159
84,174
84,181
84,199
84,208
84,219
84,240
84,257
84,297
84,328
84,335
84,346
84,351
84,396
84,397
84,485
84,500
84,536
84,652
84,660
84,699
84,733
84,856
84,903
84,922
85,86
85,109
85,111
85,141
85,145
85,179
85,187
85,191
85,197
85,246
85,280
85,286
85,295
85,300
85,320
85,337
85,339
85,343
85,348
85,365
85,375
85,379
85,440
85,613
85,677
85,847
86,110
86,119
86,122
86,151
86,158
86,159
86,168
86,181
86,182
86,189
86,197
86,275
86,299
86,314
86,323
86,337
86,358
86,363
86,366
86,381
86,384
86,385
86,396
86,567
86,601
86,618
86,654
86,683
86,761
86,858
86,946
87,111
87,128
87,134
87,159
87,170
87,188
87,193
87,194
87,217
87,260
87,284
87,312
87,320
87,366
87,372
87,376
87,610
87,643
87,783
87,852
87,905
87,942
87,992
88,94
88,102
88,116
88,120
88,122
88,134
88,136
88,147
88,155
88,169
88,184
88,243
88,250
88,253
88,339
88,359
88,370
88,375
88,453
88,730
89,112
89,114
89,122
89,124
89,137
89,139
89,141
89,185
89,221
89,238
89,271
89,276
89,297
89,304
89,305
89,331
89,332
89,336
89,342
89,361
89,365
89,369
89,388
89,389
89,587
89,753
89,906
90,101
90,119
90,120
90,141
90,147
90,150
90,163
90,181
90,195
90,214
90,238
90,283
90,535
90,620
90,788
90,789
90,848
90,909
91,97
91,99
91,105
91,129
91,146
91,147
91,151
91,154
91,169
91,211
91,236
91,240
91,251
91,280
91,289
91,303
91,332
91,339
91,370
91,377
91,439
91,447
91,566
91,630
91,652
91,912
92,94
92,107
92,121
92,127
92,129
92,148
92,186
92,215
92,227
92,236
92,244
92,256
92,261
92,287
92,289
92,306
92,329
92,375
92,384
92,385
92,479
92,532
92,576
92,788
93,120
93,136
93,144
93,149
93,167
93,182
93,206
93,215
93,221
93,245
93,258
93,265
93,270
93,272
93,275
93,285
93,287
93,300
93,360
93,380
93,394
93,437
93,458
93,466
93,568
93,660
93,662
93,727
93,733
93,736
93,798
94,103
94,137
94,142
94,166
94,186
94,192
94,196
94,215
94,217
94,271
94,287
94,295
94,303
94,308
94,357
94,381
94,385
94,490
94,739
95,107
95,143
95,191
95,237
95,261
95,282
95,285
95,314
95,331
95,357
95,517
95,529
95,704
95,851
95,924
96,129
96,138
96,144
96,147
96,155
96,179
96,197
96,215
96,244
96,247
96,256
96,271
96,290
96,299
96,304
96,328
96,353
96,354
96,365
96,396
96,397
96,592
96,702
96,875
96,909
97,138
97,139
97,167
97,175
97,181
97,202
97,209
97,214
97,224
97,230
97,249
97,255
97,307
97,310
97,317
97,349
97,479
97,498
97,521
97,652
97,742
97,798
98,125
98,144
98,166
98,184
98,188
98,191
98,194
98,203
98,211
98,231
98,239
98,264
98,290
98,298
98,301
98,302
98,304
98,306
98,312
98,331
98,336
98,338
98,350
98,387
98,399
98,472
98,537
98,542
98,625
98,755
99,140
99,145
99,172
99,177
99,200
99,212
99,254
99,275
99,333
99,406
99,615
99,712
99,772
99,808
100,161
100,182
100,197
100,227
100,228
100,254
100,265
100,287
100,295
100,296
100,305
100,323
100,324
100,332
100,368
100,373
100,396
100,995
101,128
101,136
101,137
101,157
101,177
101,246
101,292
101,295
101,326
101,331
101,336
101,341
101,343
101,383
101,394
101,620
101,670
101,701
101,819
101,863
102,149
102,168
102,211
102,219
102,226
102,257
102,275
102,280
102,281
102,285
102,293
102,295
102,303
102,312
102,316
102,322
102,334
102,347
102,399
102,652
102,932
103,129
103,135
103,145
103,169
103,195
103,198
103,203
103,205
103,208
103,229
103,234
103,238
103,239
103,285
103,352
103,362
103,366
103,370
103,521
103,535
103,808
104,116
104,122
104,131
104,133
104,166
104,185
104,208
104,225
104,249
104,278
104,305
104,315
104,316
104,346
104,355
104,378
104,389
104,390
104,397
104,398
104,575
104,576
104,594
104,663
105,111
105,139
105,150
105,157
105,171
105,198
105,221
105,261
105,269
105,296
105,299
105,323
105,330
105,333
105,348
105,387
105,392
105,493
105,641
105,847
106,113
106,137
106,156
106,175
106,176
106,177
106,210
106,263
106,267
106,311
106,318
106,337
106,339
106,374
106,385
106,386
106,643
106,691
106,842
107,112
107,122
107,134
107,149
107,171
107,187
107,189
107,192
107,195
107,201
107,214
107,224
107,240
107,247
107,248
107,252
107,295
107,296
107,326
107,327
107,346
107,349
107,355
107,738
107,748
107,921
107,974
108,114
108,133
108,136
108,143
108,145
108,163
108,169
108,177
108,204
108,210
108,219
108,249
108,260
108,267
108,274
108,275
108,287
108,296
108,305
108,328
108,350
108,369
108,373
108,395
108,486
108,566
108,733
108,907
108,972
109,116
109,125
109,147
109,151
109,169
109,174
109,196
109,217
109,222
109,251
109,254
109,261
109,275
109,276
109,279
109,285
109,288
109,303
109,320
109,324
109,328
109,333
109,334
109,359
109,381
109,399
109,701
109,741
109,755
109,923
109,998
110,157
110,166
110,229
110,262
110,263
110,266
110,302
110,323
110,324
110,325
110,358
110,589
110,627
110,668
110,743
110,840
110,952
111,120
111,151
111,152
111,160
111,197
111,203
111,206
111,209
111,224
111,242
111,258
111,265
111,283
111,301
111,307
111,324
111,361
111,363
111,384
111,391
111,427
111,490
111,558
111,616
111,741
112,114
112,117
112,126
112,130
112,136
112,152
112,161
112,162
112,167
112,170
112,178
112,197
112,207
112,210
112,228
112,257
112,265
112,277
112,285
112,311
112,314
112,321
112,322
112,332
112,355
112,374
112,391
112,420
112,466
112,523
112,612
113,137
113,142
113,149
113,155
113,164
113,201
113,225
113,230
113,233
113,258
113,265
113,294
113,295
113,296
113,301
113,312
113,334
113,349
113,371
113,386
113,403
113,434
113,449
113,522
113,563
113,618
113,686
113,773
113,851
113,969
114,179
114,197
114,198
114,235
114,240
114,247
114,253
114,309
114,322
114,326
114,328
114,350
114,356
114,363
114,378
114,386
114,548
114,580
114,594
114,618
114,653
114,801
114,998
115,123
115,129
115,144
115,166
115,185
115,190
115,202
115,206
115,221
115,225
115,253
115,272
115,284
115,316
115,377
115,394
115,534
115,709
115,763
116,143
116,146
116,157
116,159
116,164
116,210
116,221
116,229
116,263
116,287
116,292
116,300
116,350
116,386
116,487
116,584
116,644
116,674
116,775
116,807
117,130
117,135
117,215
117,291
117,319
117,326
117,327
117,332
117,374
117,383
117,399
117,545
117,612
117,619
117,697
117,732
117,761
117,869
118,126
118,140
118,168
118,228
118,246
118,261
118,263
118,274
118,275
118,277
118,284
118,293
118,322
118,331
118,367
118,370
118,385
118,414
118,519
118,548
118,617
118,840
119,145
119,151
119,153
119,157
119,159
119,177
119,181
119,206
119,230
119,232
119,245
119,254
119,279
119,280
119,289
119,292
119,304
119,310
119,323
119,340
119,344
119,346
119,371
119,373
119,388
119,600
119,630
119,631
119,746
119,770
119,919
119,979
120,125
120,131
120,141
120,148
120,168
120,176
120,215
120,227
120,228
120,235
120,269
120,281
120,282
120,300
120,315
120,324
120,337
120,347
120,358
120,394
120,518
120,596
120,723
121,147
121,180
121,192
121,222
121,224
121,230
121,240
121,245
121,263
121,264
121,275
121,287
121,296
121,344
121,350
121,361
121,363
121,378
121,380
121,384
121,394
121,498
121,510
121,555
121,752
121,907
122,126
122,137
122,166
122,174
122,184
122,193
122,209
122,239
122,243
122,307
122,317
122,323
122,326
122,339
122,344
122,357
122,390
122,391
122,419
122,435
122,493
122,510
122,647
122,778
122,968
122,980
123,126
123,142
123,156
123,176
123,183
123,197
123,199
123,220
123,259
123,272
123,287
123,298
123,320
123,323
123,329
123,351
123,516
123,610
123,617
123,640
123,663
124,135
124,144
124,146
124,173
124,198
124,239
124,241
124,256
124,279
124,338
124,396
124,583
124,646
124,906
124,910
124,984
124,994
125,128
125,151
125,177
125,230
125,293
125,308
125,323
125,327
125,331
125,359
125,368
125,397
125,399
125,508
125,643
125,667
125,734
125,974
126,127
126,131
126,142
126,143
126,170
126,192
126,193
126,211
126,218
126,251
126,288
126,317
126,331
126,346
126,368
126,396
126,500
126,518
126,555
126,595
126,763
127,142
127,143
127,144
127,164
127,169
127,173
127,186
127,219
127,245
127,279
127,309
127,311
127,321
127,323
127,336
127,339
127,356
127,377
127,688
128,146
128,150
128,181
128,211
128,221
128,239
128,257
128,261
128,268
128,276
128,298
128,307
128,308
128,315
128,372
128,399
128,419
128,507
128,535
129,134
129,139
129,145
129,152
129,170
129,180
129,193
129,198
129,199
129,223
129,233
129,238
129,246
129,249
129,275
129,285
129,286
129,311
129,312
129,347
129,351
129,372
129,373
129,392
129,395
129,456
129,624
129,638
129,719
129,778
129,800
129,893
129,943
130,160
130,173
130,192
130,210
130,218
130,254
130,284
130,291
130,350
130,362
130,371
130,381
130,390
130,473
130,480
130,507
130,536
130,598
130,827
131,159
131,168
131,172
131,174
131,177
131,189
131,193
131,203
131,212
131,219
131,225
131,240
131,244
131,260
131,263
131,319
131,372
131,373
131,383
131,390
131,394
131,585
131,590
131,952
132,134
132,138
132,145
132,153
132,160
132,197
132,202
132,230
132,233
132,251
132,277
132,312
132,337
132,364
132,626
132,723
132,892
132,911
133,140
133,152
133,155
133,163
133,166
133,167
133,192
133,197
133,203
133,209
133,253
133,257
133,268
133,286
133,290
133,292
133,381
133,455
133,563
133,741
134,136
134,146
134,162
134,164
134,180
134,184
134,208
134,213
134,242
134,284
134,289
134,322
134,331
134,356
134,358
134,395
134,612
134,623
134,627
134,736
134,743
135,155
135,168
135,188
135,190
135,191
135,192
135,202
135,254
135,255
135,270
135,271
135,314
135,324
135,365
135,366
135,569
135,850
136,152
136,154
136,164
136,169
136,183
136,214
136,215
136,218
136,293
136,310
136,325
136,371
136,385
136,388
136,389
136,391
136,395
136,524
136,605
136,674
136,704
136,990
137,159
137,184
137,200
137,206
137,217
137,222
137,267
137,285
137,286
137,296
137,300
137,315
137,323
137,359
137,376
137,393
137,407
137,516
137,591
137,665
137,733
137,737
137,850
137,852
137,865
138,140
138,141
138,171
138,176
138,193
138,208
138,217
138,228
138,235
138,265
138,273
138,278
138,291
138,292
138,295
138,341
138,391
138,513
138,576
138,595
138,970
138,971
139,215
139,235
139,237
139,251
139,299
139,312
139,317
139,319
139,321
139,324
139,351
139,403
139,465
139,491
139,563
139,744
140,158
140,162
140,165
140,175
140,176
140,216
140,221
140,242
140,267
140,277
140,284
140,319
140,338
140,342
140,350
140,367
140,369
140,374
140,379
140,381
140,395
140,397
140,482
141,160
141,180
141,217
141,231
141,244
141,254
141,259
141,288
141,334
141,335
141,341
141,371
141,392
141,421
141,435
141,841
141,861
141,884
141,885
142,178
142,179
142,268
142,309
142,330
142,338
142,373
142,388
142,504
142,585
142,614
142,723
142,814
143,144
143,151
143,159
143,206
143,233
143,278
143,279
143,297
143,303
143,321
143,326
143,335
143,341
143,342
143,382
143,505
143,683
143,684
143,712
143,947
144,149
144,197
144,206
144,219
144,243
144,275
144,345
144,377
144,381
144,556
144,570
144,640
144,661
144,717
145,165
145,166
145,173
145,180
145,193
145,198
145,201
145,204
145,218
145,226
145,233
145,243
145,301
145,324
145,332
145,343
145,345
145,384
145,638
145,779
145,812
146,150
146,165
146,170
146,197
146,206
146,215
146,223
146,224
146,228
146,230
146,236
146,257
146,303
146,312
146,315
146,325
146,337
146,343
146,351
146,357
146,370
146,385
146,545
146,695
147,153
147,161
147,175
147,203
147,227
147,238
147,244
147,245
147,281
147,290
147,314
147,320
147,321
147,352
147,371
147,377
147,390
147,396
147,688
148,159
148,184
148,195
148,201
148,207
148,208
148,251
148,253
148,257
148,273
148,275
148,300
148,330
148,359
148,372
148,377
148,458
148,527
148,539
148,643
148,646
148,690
148,777
148,809
149,187
149,189
149,214
149,215
149,218
149,220
149,237
149,249
149,289
149,301
149,312
149,314
149,336
149,371
149,384
149,391
149,437
149,473
149,531
149,710
150,168
150,181
150,190
150,211
150,230
150,276
150,285
150,294
150,302
150,303
150,305
150,307
150,315
150,331
150,416
150,639
150,714
150,922
151,166
151,174
151,193
151,198
151,208
151,221
151,224
151,252
151,258
151,273
151,310
151,324
151,329
151,333
151,349
151,497
151,518
151,570
151,598
151,724
151,747
152,200
152,219
152,226
152,256
152,261
152,270
152,318
152,381
152,895
153,167
153,185
153,198
153,221
153,228
153,234
153,236
153,279
153,288
153,299
153,319
153,335
153,342
153,350
153,359
153,365
153,367
153,368
153,385
153,386
153,687
153,814
154,156
154,159
154,182
154,185
154,193
154,211
154,215
154,233
154,267
154,281
154,282
154,283
154,319
154,320
154,361
154,371
154,390
154,466
154,662
154,665
154,685
154,778
154,979
155,184
155,190
155,222
155,251
155,256
155,291
155,317
155,365
155,375
155,378
155,381
155,387
155,388
155,394
155,664
155,873
155,888
155,901
156,177
156,190
156,192
156,195
156,197
156,284
156,294
156,299
156,337
156,384
156,480
156,603
156,697
156,993
157,189
157,242
157,278
157,324
157,352
157,380
157,382
157,454
157,457
157,481
157,586
157,587
157,685
157,709
157,970
157,988
158,194
158,258
158,279
158,280
158,306
158,318
158,336
158,355
158,365
158,367
158,369
158,375
158,376
158,384
158,390
158,397
158,536
158,655
159,167
159,186
159,187
159,197
159,230
159,265
159,298
159,321
159,331
159,356
159,368
159,370
159,710
160,175
160,182
160,197
160,203
160,267
160,273
160,277
160,322
160,345
160,353
160,359
160,399
160,490
160,605
161,163
161,168
161,186
161,199
161,218
161,246
161,268
161,272
161,276
161,282
161,285
161,306
161,308
161,312
161,330
161,339
161,347
161,372
161,395
161,482
161,606
161,664
161,797
161,991
162,176
162,178
162,215
162,224
162,233
162,234
162,235
162,244
162,250
162,273
162,288
162,335
162,355
162,356
162,393
162,396
162,618
162,764
163,178
163,182
163,213
163,214
163,227
163,232
163,238
163,250
163,278
163,286
163,290
163,291
163,299
163,313
163,340
163,342
163,344
163,354
163,372
163,378
163,397
163,443
163,601
163,722
163,911
163,927
163,991
164,194
164,216
164,235
164,247
164,250
164,262
164,271
164,308
164,316
164,364
164,377
164,385
164,394
164,486
164,493
164,581
164,759
164,847
165,176
165,234
165,238
165,245
165,246
165,251
165,260
165,264
165,281
165,292
165,299
165,300
165,302
165,320
165,334
165,347
165,352
165,568
165,987
166,169
166,213
166,243
166,255
166,268
166,271
166,273
166,299
166,319
166,374
166,387
166,402
166,462
166,526
166,552
166,566
166,585
166,723
166,780
166,804
166,996
167,184
167,202
167,242
167,282
167,285
167,337
167,353
167,369
167,620
167,737
168,175
168,208
168,216
168,222
168,233
168,238
168,272
168,275
168,295
168,297
168,323
168,330
168,339
168,345
168,354
168,392
168,393
168,719
168,950
169,202
169,228
169,242
169,297
169,330
169,338
169,348
169,362
169,383
169,408
169,539
169,747
169,898
169,917
169,962
170,172
170,175
170,179
170,182
170,184
170,223
170,230
170,255
170,261
170,267
170,277
170,280
170,285
170,303
170,323
170,346
170,364
170,389
170,395
170,614
170,683
170,744
170,871
171,197
171,253
171,280
171,304
171,314
171,316
171,319
171,355
171,363
171,365
171,394
171,412
171,417
171,475
171,564
171,584
171,606
171,976
172,180
172,235
172,244
172,250
172,262
172,277
172,291
172,314
172,325
172,328
172,333
172,354
172,383
172,385
172,399
172,534
172,579
172,644
172,672
172,813
172,826
172,900
173,177
173,200
173,236
173,293
173,316
173,318
173,352
173,360
173,369
173,371
173,374
173,375
173,396
173,431
173,465
173,474
173,530
173,576
173,649
173,703
173,739
173,867
174,187
174,214
174,219
174,236
174,250
174,278
174,280
174,287
174,290
174,315
174,321
174,329
174,339
174,341
174,343
174,344
174,346
174,351
174,366
174,575
174,617
174,656
174,657
175,193
175,203
175,208
175,210
175,216
175,228
175,239
175,241
175,245
175,274
175,280
175,291
175,338
175,347
175,367
175,368
175,482
175,596
176,180
176,189
176,212
176,226
176,234
176,247
176,250
176,268
176,308
176,316
176,340
176,352
176,360
176,374
176,383
176,385
176,394
176,404
176,508
176,567
176,571
176,575
176,668
176,682
176,705
176,937
177,200
177,242
177,245
177,260
177,320
177,370
177,382
177,389
177,598
177,714
177,741
177,886
178,194
178,209
178,210
178,219
178,234
178,290
178,338
178,359
178,370
178,385
178,388
178,492
178,502
178,522
178,859
178,867
179,183
179,209
179,217
179,219
179,222
179,229
179,241
179,243
179,247
179,254
179,256
179,261
179,278
179,285
179,300
179,301
179,302
179,336
179,347
179,374
179,381
179,516
179,547
179,560
179,565
179,673
179,681
179,723
179,846
179,958
179,974
180,231
180,235
180,242
180,253
180,254
180,277
180,278
180,308
180,312
180,332
180,334
180,358
180,377
180,386
180,392
180,473
180,708
180,871
181,187
181,249
181,255
181,272
181,273
181,299
181,302
181,304
181,334
181,365
181,385
181,430
181,536
181,544
181,617
181,629
181,677
181,698
182,256
182,257
182,305
182,331
182,342
182,370
182,374
182,378
182,379
182,390
182,392
182,395
182,407
182,684
182,786
183,198
183,207
183,209
183,223
183,234
183,242
183,273
183,290
183,291
183,294
183,299
183,367
183,399
183,406
183,473
183,524
183,536
183,541
183,593
183,609
183,629
183,643
183,683
183,688
183,869
183,938
184,205
184,214
184,245
184,316
184,346
184,375
184,381
184,398
184,467
184,648
184,652
184,707
184,925
184,979
185,223
185,239
185,272
185,299
185,315
185,321
185,323
185,332
185,334
185,335
185,344
185,372
185,379
185,578
185,670
185,687
185,740
185,830
186,210
186,220
186,224
186,240
186,248
186,255
186,267
186,268
186,290
186,294
186,301
186,310
186,320
186,330
186,342
186,399
186,494
186,596
186,667
186,699
186,960
187,188
187,195
187,199
187,210
187,292
187,299
187,343
187,344
187,355
187,389
187,411
187,497
187,510
187,655
187,672
187,726
188,194
188,234
188,243
188,263
188,264
188,272
188,291
188,301
188,308
188,353
188,396
188,461
188,513
188,522
188,580
188,614
188,617
188,944
189,228
189,278
189,344
189,357
189,360
189,378
189,479
189,484
189,530
189,558
189,610
189,637
189,646
189,673
189,742
189,801
189,828
189,897
190,200
190,239
190,261
190,286
190,298
190,310
190,349
190,355
190,387
190,449
190,703
190,717
190,826
190,979
191,195
191,198
191,216
191,243
191,268
191,331
191,354
191,375
191,381
191,383
191,387
191,405
191,488
191,633
191,667
191,749
192,217
192,224
192,225
192,226
192,229
192,242
192,284
192,297
192,319
192,354
192,386
192,422
192,814
193,212
193,219
193,259
193,282
193,293
193,303
193,345
193,357
193,358
193,372
193,386
193,391
193,425
193,434
193,556
193,785
193,895
194,199
194,236
194,241
194,330
194,350
194,363
194,510
194,631
194,634
194,669
194,693
195,201
195,226
195,227
195,236
195,248
195,259
195,270
195,304
195,366
195,397
195,415
195,458
195,609
195,797
195,839
195,889
195,938
196,202
196,229
196,232
196,252
196,266
196,269
196,293
196,311
196,336
196,352
196,371
196,391
196,398
196,555
196,575
196,594
196,630
196,675
196,676
196,722
196,877
197,204
197,243
197,256
197,263
197,279
197,288
197,296
197,299
197,307
197,316
197,326
197,337
197,342
197,394
197,424
197,444
197,479
197,505
197,606
197,646
197,649
197,708
197,720
197,994
198,203
198,209
198,237
198,261
198,321
198,331
198,346
198,361
198,365
198,367
198,376
198,384
198,484
198,495
198,593
198,660
198,779
199,213
199,255
199,292
199,332
199,337
199,345
199,365
199,367
199,376
199,394
199,591
199,804
199,971
200,225
200,241
200,253
200,256
200,313
200,323
200,338
200,349
200,368
200,385
200,396
200,438
200,532
200,644
200,688
200,690
200,740
201,214
201,215
201,222
201,227
201,232
201,236
201,351
201,361
201,362
201,370
201,392
201,476
201,479
201,631
201,692
201,753
202,221
202,229
202,268
202,280
202,298
202,310
202,329
202,348
202,390
202,669
202,914
202,947
203,204
203,223
203,235
203,238
203,249
203,257
203,274
203,294
203,351
203,356
203,357
203,360
203,371
203,455
203,493
203,545
203,733
204,228
204,245
204,287
204,320
204,323
204,332
204,358
204,369
204,399
204,570
204,607
204,656
204,677
204,836
204,869
205,237
205,241
205,250
205,269
205,301
205,333
205,339
205,349
205,372
205,373
205,420
205,557
205,586
206,265
206,273
206,274
206,282
206,327
206,365
206,373
206,509
206,547
206,706
206,789
207,210
207,264
207,267
207,269
207,299
207,302
207,309
207,311
207,321
207,356
207,369
207,541
207,582
207,585
207,640
207,735
207,841
208,221
208,236
208,260
208,264
208,270
208,274
208,283
208,330
208,348
208,350
208,355
208,373
208,391
208,421
208,427
208,445
208,517
208,618
208,785
208,853
209,216
209,230
209,245
209,253
209,259
209,265
209,274
209,278
209,292
209,314
209,342
209,368
209,375
209,468
209,476
209,485
209,527
209,563
209,598
209,711
210,224
210,226
210,230
210,238
210,245
210,247
210,268
210,269
210,283
210,321
210,332
210,380
210,382
210,387
210,389
210,391
210,573
210,639
211,220
211,230
211,236
211,245
211,266
211,300
211,321
211,338
211,347
211,367
211,805
211,878
211,931
212,214
212,248
212,250
212,252
212,270
212,274
212,277
212,294
212,330
212,331
212,337
212,350
212,351
212,356
212,389
212,392
212,396
212,455
212,468
212,512
212,554
212,629
212,649
212,863
212,880
212,976
213,242
213,245
213,249
213,257
213,297
213,356
213,366
213,393
213,405
213,624
213,657
213,701
214,231
214,240
214,254
214,270
214,280
214,354
214,361
214,407
214,430
214,592
214,734
214,763
215,265
215,277
215,293
215,300
215,314
215,336
215,361
215,375
215,678
215,945
216,218
216,227
216,240
216,250
216,259
216,288
216,296
216,306
216,330
216,339
216,348
216,352
216,362
216,383
216,385
216,394
216,633
216,762
216,989
217,220
217,274
217,292
217,308
217,326
217,349
217,370
217,386
217,796
217,962
218,247
218,253
218,262
218,283
218,315
218,339
218,344
218,350
218,354
218,377
218,388
218,734
218,742
218,816
219,222
219,224
219,255
219,284
219,293
219,300
219,312
219,316
219,325
219,350
219,354
219,365
219,366
219,387
219,398
219,462
219,532
219,693
219,780
220,226
220,259
220,272
220,291
220,310
220,312
220,359
220,370
220,390
220,484
220,510
220,543
220,573
220,576
220,620
220,779
221,224
221,249
221,265
221,272
221,291
221,295
221,297
221,305
221,317
221,333
221,337
221,391
221,538
221,588
221,766
222,238
222,266
222,298
222,335
222,346
222,351
222,363
222,382
222,389
222,444
222,514
222,530
222,561
222,631
223,230
223,252
223,319
223,342
223,345
223,362
223,439
223,498
223,567
223,645
223,775
223,877
224,226
224,231
224,247
224,260
224,267
224,278
224,292
224,295
224,314
224,322
224,352
224,398
224,401
224,409
224,577
224,669
224,690
224,708
224,923
225,248
225,260
225,277
225,281
225,282
225,315
225,321
225,379
225,397
225,421
225,510
225,841
226,232
226,248
226,254
226,256
226,269
226,296
226,306
226,308
226,318
226,320
226,322
226,328
226,329
226,336
226,344
226,359
226,370
226,392
226,482
226,588
226,921
226,947
227,269
227,280
227,285
227,287
227,310
227,358
227,367
227,427
227,455
227,478
227,489
227,603
227,610
228,231
228,255
228,268
228,279
228,290
228,294
228,308
228,313
228,315
228,344
228,352
228,436
228,465
228,553
228,748
228,940
229,254
229,277
229,332
229,347
229,411
229,645
229,657
229,730
230,236
230,239
230,253
230,303
230,316
230,320
230,341
230,352
230,361
231,234
231,259
231,264
231,268
231,298
231,328
231,343
231,350
231,352
231,355
231,376
231,378
231,387
231,394
231,630
231,664
231,666
231,768
231,806
231,956
232,242
232,243
232,246
232,274
232,282
232,292
232,293
232,302
232,343
232,346
232,363
232,389
232,535
232,675
233,252
233,272
233,282
233,301
233,304
233,353
233,366
233,374
233,376
233,377
233,517
233,688
233,855
234,255
234,268
234,287
234,316
234,330
234,350
234,352
234,369
234,376
234,394
234,559
234,624
234,673
234,737
234,975
235,251
235,263
235,270
235,281
235,305
235,307
235,319
235,337
235,368
235,375
235,378
235,384
235,394
235,453
236,239
236,244
236,248
236,257
236,260
236,268
236,309
236,317
236,337
236,365
236,370
236,385
236,390
236,505
236,558
236,588
236,622
236,793
236,797
236,905
236,908
236,946
237,261
237,271
237,277
237,285
237,286
237,289
237,309
237,311
237,340
237,375
237,378
237,393
237,394
237,438
237,696
237,935
237,940
238,245
238,285
238,310
238,320
238,324
238,340
238,348
238,379
238,394
238,397
238,436
238,577
238,593
238,651
238,700
238,782
238,797
238,822
239,256
239,266
239,320
239,366
239,387
239,557
239,626
239,628
239,698
239,777
239,837
239,912
240,247
240,269
240,291
240,304
240,309
240,310
240,317
240,328
240,357
240,364
240,396
240,508
240,545
240,557
240,663
240,960
241,250
241,271
241,287
241,316
241,319
241,339
241,347
241,454
241,545
242,303
242,316
242,343
242,349
242,364
242,529
242,559
242,665
242,715
242,994
243,253
243,282
243,318
243,339
243,404
243,535
243,791
244,248
244,252
244,259
244,331
244,363
244,378
244,380
244,492
244,599
244,764
244,799
244,934
245,338
245,367
245,390
245,404
245,444
245,459
245,467
245,595
245,840
246,252
246,253
246,261
246,262
246,271
246,375
247,259
247,271
247,275
247,298
247,340
247,343
247,347
247,360
247,381
247,454
247,615
247,820
247,888
247,995
248,269
248,280
248,281
248,301
248,314
248,324
248,326
248,344
248,352
248,358
248,394
248,397
248,473
248,606
248,610
248,672
249,263
249,278
249,351
249,402
249,406
249,437
249,973
249,997
250,265
250,316
250,325
250,327
250,334
250,372
250,387
250,518
250,549
250,665
251,254
251,256
251,267
251,269
251,273
251,275
251,280
251,285
251,293
251,301
251,313
251,329
251,345
251,365
251,435
251,457
251,530
251,614
251,651
251,830
252,254
252,268
252,290
252,291
252,305
252,314
252,315
252,330
252,377
252,378
252,380
252,390
252,425
252,472
252,490
252,610
252,811
252,862
252,941
252,954
253,306
253,307
253,308
253,309
253,313
253,324
253,338
253,339
253,341
253,379
253,400
253,795
254,281
254,299
254,305
254,308
254,337
254,375
254,382
254,385
254,398
254,439
254,601
254,603
255,258
255,273
255,278
255,281
255,294
255,312
255,313
255,330
255,382
255,384
255,385
255,397
255,453
255,512
255,517
255,711
255,937
256,270
256,272
256,279
256,315
256,320
256,325
256,346
256,347
256,359
256,372
256,394
256,567
256,834
257,281
257,295
257,336
257,364
257,366
257,381
257,404
257,702
257,715
258,293
258,296
258,331
258,366
258,367
258,370
258,460
258,484
258,485
258,505
258,545
258,574
258,610
258,935
259,302
259,303
259,323
259,335
259,347
259,359
259,366
259,369
259,509
259,510
259,721
259,742
260,263
260,270
260,281
260,288
260,304
260,312
260,331
260,348
260,391
260,431
260,631
260,652
260,710
260,905
261,269
261,280
261,285
261,293
261,308
261,325
261,340
261,341
261,373
261,384
261,396
261,469
261,569
261,684
262,281
262,286
262,308
262,315
262,338
262,340
262,345
262,347
262,366
262,383
262,390
262,395
262,602
262,713
262,743
262,894
262,915
263,274
263,275
263,309
263,317
263,323
263,334
263,363
263,392
263,397
263,505
263,657
263,851
264,266
264,293
264,294
264,324
264,326
264,330
264,349
264,370
264,375
264,378
264,410
264,635
264,687
264,716
264,948
265,276
265,291
265,318
265,337
265,387
265,389
265,396
265,479
265,614
265,628
265,653
265,746
265,919
266,276
266,313
266,323
266,343
266,345
266,358
266,360
266,377
266,437
266,514
266,521
266,563
266,615
266,663
266,898
267,296
267,309
267,328
267,357
267,389
267,393
267,395
267,435
267,453
267,550
267,635
267,645
267,965
268,291
268,294
268,296
268,313
268,323
268,330
268,347
268,380
268,382
268,404
268,442
268,461
268,498
268,576
268,666
268,705
269,277
269,287
269,289
269,333
269,334
269,338
269,353
269,376
269,602
269,623
269,780
270,272
270,289
270,305
270,309
270,310
270,340
270,341
270,351
270,370
270,590
270,705
270,987
271,289
271,292
271,294
271,329
271,332
271,368
271,393
271,394
271,398
271,402
271,444
271,490
271,547
271,900
271,907
272,348
272,349
272,367
272,392
272,485
272,494
272,495
272,496
272,502
272,602
272,633
272,660
272,778
272,859
272,906
273,295
273,311
273,324
273,377
273,380
273,388
273,396
273,458
273,539
273,641
274,282
274,290
274,298
274,305
274,319
274,352
274,353
274,381
274,382
274,390
274,480
274,543
274,571
274,625
274,746
274,772
274,805
275,295
275,298
275,311
275,324
275,327
275,350
275,352
275,353
275,380
275,541
275,584
275,832
276,309
276,311
276,316
276,317
276,342
276,362
276,377
276,383
276,451
276,479
276,684
276,717
276,905
277,292
277,293
277,308
277,321
277,326
277,334
277,344
277,347
277,354
277,374
277,390
277,446
278,285
278,292
278,356
278,374
278,447
278,450
278,472
278,524
278,553
279,281
279,293
279,309
279,319
279,338
279,350
279,352
279,377
279,391
279,557
279,627
279,690
279,706
279,961
280,286
280,287
280,314
280,325
280,334
280,340
280,350
280,364
280,388
280,394
280,494
280,526
280,606
280,620
280,653
280,678
280,854
280,954
281,311
281,328
281,336
281,361
281,369
281,604
282,290
282,314
282,338
282,353
282,385
282,397
282,431
282,452
282,507
282,760
283,285
283,313
283,315
283,346
283,370
283,381
283,390
283,411
283,448
283,587
283,797
283,814
284,294
284,317
284,382
284,398
284,425
284,479
284,533
284,545
284,547
284,610
284,734
284,854
284,861
284,929
285,286
285,287
285,301
285,322
285,328
285,332
285,333
285,340
285,351
285,366
285,380
285,384
285,402
285,442
285,671
285,693
285,852
285,888
286,302
286,364
286,373
286,397
286,447
286,452
286,514
286,543
286,550
286,551
286,553
286,668
286,723
287,292
287,301
287,310
287,353
287,357
287,358
287,361
287,364
287,390
287,716
287,870
288,297
288,325
288,341
288,352
288,377
288,390
288,502
288,680
288,688
288,722
288,951
289,298
289,306
289,324
289,343
289,347
289,368
289,375
289,389
289,493
289,913
290,308
290,324
290,332
290,363
290,383
290,398
290,461
290,646
290,866
290,992
291,300
291,313
291,330
291,340
291,367
291,374
291,384
291,389
291,397
291,419
291,517
291,562
291,574
291,647
291,707
291,724
291,748
292,300
292,318
292,323
292,339
292,355
292,356
292,365
292,370
292,379
292,414
292,480
292,498
292,507
292,538
292,557
292,559
292,647
292,914
293,318
293,321
293,350
293,353
293,379
293,484
293,549
293,986
294,307
294,310
294,341
294,390
294,412
294,650
294,689
294,800
294,927
295,307
295,321
295,345
295,350
295,398
295,494
295,728
295,910
296,351
296,391
296,546
296,584
296,620
296,731
296,744
296,909
297,319
297,351
297,376
297,385
297,388
297,392
297,659
297,666
297,824
298,303
298,310
298,313
298,357
298,364
298,391
298,438
298,537
298,553
298,594
298,622
298,631
298,857
299,320
299,324
299,336
299,371
299,378
299,483
299,523
299,737
299,785
300,321
300,323
300,332
300,344
300,375
300,385
300,475
300,705
300,789
300,815
300,816
301,303
301,316
301,352
301,354
301,355
301,367
301,373
301,387
301,391
301,558
301,564
301,573
301,663
301,878
301,946
301,989
302,312
302,317
302,332
302,378
302,394
302,540
302,681
302,921
303,353
303,387
303,425
303,597
303,783
303,845
303,968
304,332
304,363
304,365
304,367
304,376
304,380
304,384
304,387
304,391
304,398
304,509
304,578
304,597
304,602
304,752
304,808
304,811
304,922
305,313
305,322
305,344
305,358
305,368
305,551
306,317
306,320
306,330
306,346
306,353
306,375
306,381
306,388
306,389
306,892
306,972
307,311
307,313
307,325
307,348
307,369
307,370
307,392
307,396
307,728
307,730
307,870
308,336
308,351
308,359
309,345
309,355
309,395
309,475
309,516
309,685
309,801
309,970
310,327
310,339
310,375
310,378
310,488
310,606
310,661
310,962
311,316
311,342
311,349
311,366
311,375
311,377
311,381
311,388
311,389
311,556
311,615
311,624
311,655
311,849
311,998
312,316
312,322
312,353
312,378
312,397
312,435
312,463
312,764
313,328
313,342
313,343
313,369
313,381
313,403
313,443
313,554
313,593
313,609
313,719
313,972
314,321
314,335
314,342
314,387
314,390
314,446
314,454
314,494
314,534
314,643
314,697
314,743
314,948
315,325
315,327
315,380
315,462
315,482
315,514
315,677
315,724
315,736
316,325
316,330
316,339
316,358
316,372
316,934
316,941
317,325
317,330
317,340
317,352
317,353
317,379
317,381
317,399
317,400
317,410
317,430
317,460
317,501
317,603
317,659
317,791
317,797
318,337
318,608
318,618
318,654
318,733
318,856
319,358
319,368
319,372
319,386
319,396
319,450
319,502
319,516
319,745
319,988
320,321
320,340
320,347
320,381
320,384
320,395
320,397
320,502
320,623
320,952
321,331
321,354
321,390
321,395
321,519
321,533
321,632
321,676
321,684
322,323
322,341
322,343
322,384
322,391
322,405
322,458
322,470
322,474
322,519
322,536
322,594
322,644
322,876
323,326
323,330
323,352
323,354
323,355
323,358
323,371
323,398
323,477
323,643
323,644
323,679
323,989
324,333
324,364
324,365
324,369
324,389
324,395
324,468
324,547
324,724
324,727
324,774
324,784
324,901
325,327
325,338
325,371
325,372
325,373
325,569
326,330
326,350
326,369
326,391
326,414
326,443
326,461
326,468
326,508
326,606
326,623
326,644
326,782
327,354
327,360
327,362
327,378
327,391
327,407
327,567
327,653
327,674
327,940
328,335
328,343
328,351
328,365
328,486
328,501
328,655
328,664
328,783
328,998
329,334
329,350
329,395
329,888
330,341
330,345
330,480
330,671
330,733
330,752
330,756
330,772
330,867
331,348
331,390
331,597
331,651
331,668
331,698
331,987
332,342
332,368
332,370
332,373
332,396
332,474
332,744
332,749
332,894
332,898
332,975
333,336
333,350
333,384
333,403
333,484
333,562
333,631
333,747
333,812
334,347
334,350
334,352
334,369
334,384
334,452
334,465
334,466
334,563
334,627
334,748
334,751
334,939
334,950
334,964
335,339
335,515
335,516
335,574
335,638
335,734
335,739
336,367
336,393
336,451
336,582
336,671
336,728
336,850
337,364
337,369
337,372
337,394
337,432
337,450
337,577
337,702
337,876
338,350
338,351
338,392
338,398
338,463
338,533
338,951
338,968
339,360
339,361
339,365
339,381
339,393
339,494
339,630
339,731
339,831
339,981
340,400
340,410
340,511
340,525
340,634
340,715
340,789
340,801
341,342
341,386
341,396
341,411
341,787
342,455
342,745
342,814
342,860
343,359
343,380
343,383
343,395
343,435
343,556
343,579
343,603
344,345
344,348
344,391
344,397
344,661
344,890
344,982
345,348
345,350
345,366
345,373
345,377
345,390
345,546
345,647
345,717
345,794
345,935
346,392
346,393
346,399
346,415
346,584
346,604
346,622
346,639
346,782
346,906
347,362
347,370
347,380
347,394
347,462
347,511
347,537
347,643
347,671
347,739
347,922
348,358
348,394
348,397
348,775
349,367
349,517
349,877
349,942
350,360
350,374
350,631
350,678
350,681
350,777
350,897
351,388
351,545
351,597
351,819
352,362
352,363
352,375
352,394
352,395
352,469
352,508
352,581
352,614
352,616
352,680
352,725
352,745
352,778
352,969
352,975
353,376
353,395
353,698
353,830
353,880
354,368
354,586
354,620
354,718
354,941
355,616
355,701
355,720
355,760
355,774
355,966
356,378
356,391
356,396
356,439
356,722
356,731
356,760
356,874
357,368
357,384
357,387
357,392
357,393
357,418
357,438
357,480
357,528
357,716
357,737
357,852
357,971
358,374
358,378
358,388
358,480
358,629
358,632
358,781
358,980
359,363
359,381
359,397
359,398
359,453
359,494
359,548
359,557
359,628
359,650
359,679
360,386
360,391
360,392
360,418
360,730
360,833
360,981
361,370
361,396
361,399
361,412
361,441
361,559
361,595
362,385
362,546
362,632
362,659
362,666
362,727
362,897
362,965
363,364
363,493
363,543
363,548
363,556
363,564
363,572
363,746
364,366
364,388
364,435
364,908
365,378
365,522
365,525
365,634
365,651
365,693
365,812
365,841
366,376
366,398
366,466
366,480
366,534
366,574
366,753
366,755
366,862
366,902
367,376
367,385
367,390
367,492
367,670
367,726
367,775
367,972
368,372
368,374
368,514
368,541
368,711
368,808
368,918
369,393
369,463
369,607
369,859
369,911
369,999
370,374
370,376
370,394
370,395
370,623
370,828
371,379
371,421
371,484
371,492
371,577
371,597
372,386
372,409
372,413
372,579
372,584
372,733
372,903
373,393
373,399
373,553
373,624
373,792
373,979
374,377
374,386
374,394
374,604
374,669
374,670
374,748
375,376
375,474
375,500
375,534
375,651
375,655
375,743
375,759
375,831
375,988
376,381
376,394
376,397
376,582
376,674
377,398
377,405
377,889
377,930
378,388
378,471
378,550
378,653
378,657
378,690
378,904
378,922
379,394
379,597
379,687
379,912
380,392
380,916
381,518
381,549
381,691
381,798
381,868
382,431
382,672
382,707
383,396
383,553
383,911
383,931
384,396
384,397
384,450
384,581
384,613
384,835
384,883
384,962
385,396
385,397
385,483
385,517
385,637
385,670
385,841
385,956
385,992
386,399
386,455
386,456
386,474
386,515
386,630
386,892
386,924
386,949
387,410
387,411
387,653
387,736
387,867
388,390
388,704
388,994
389,397
389,420
389,773
389,968
390,401
390,457
390,492
390,531
390,678
390,879
390,899
390,932
391,401
391,451
391,496
391,515
391,627
391,731
391,733
391,886
392,457
392,517
392,615
392,695
393,398
393,401
393,475
393,492
393,617
393,819
393,926
393,942
394,430
394,448
394,492
394,619
394,623
394,624
394,634
394,639
394,962
395,414
395,435
395,494
395,589
395,669
395,916
396,399
396,524
396,672
396,923
397,409
397,781
398,650
398,737
399,410
399,674
400,412
400,474
400,484
400,581
400,584
400,613
400,618
400,620
400,667
400,689
400,704
400,706
400,708
400,722
400,729
400,742
400,748
400,821
400,881
400,922
401,429
401,453
401,457
401,459
401,468
401,482
401,536
401,584
401,637
401,666
401,679
401,683
401,717
401,719
401,722
401,732
401,746
401,830
402,413
402,434
402,440
402,501
402,559
402,560
402,584
402,599
402,659
402,707
402,715
402,716
402,760
402,784
402,812
402,823
402,840
402,923
403,436
403,442
403,452
403,453
403,479
403,482
403,484
403,500
403,510
403,521
403,533
403,535
403,559
403,564
403,588
403,593
403,594
403,616
403,666
403,704
403,720
403,723
403,725
403,728
403,852
403,864
404,424
404,475
404,552
404,559
404,650
404,674
404,694
404,698
404,939
405,418
405,452
405,470
405,491
405,531
405,558
405,570
405,600
405,619
405,628
405,657
405,714
405,749
405,914
405,972
406,411
406,421
406,435
406,466
406,470
406,483
406,541
406,577
406,579
406,600
406,613
406,640
406,673
406,689
406,699
406,702
406,730
406,829
406,866
406,887
407,446
407,455
407,466
407,477
407,491
407,492
407,493
407,518
407,522
407,527
407,552
407,563
407,589
407,594
407,651
407,681
407,684
407,688
407,708
407,723
407,732
407,782
407,837
408,449
408,454
408,476
408,478
408,484
408,496
408,506
408,510
408,526
408,545
408,560
408,568
408,587
408,610
408,629
408,653
408,664
408,703
408,932
408,946
408,984
409,420
409,423
409,442
409,443
409,547
409,584
409,588
409,601
409,628
409,683
409,685
409,691
409,700
409,717
409,722
409,731
409,878
409,900
410,423
410,425
410,443
410,448
410,488
410,527
410,536
410,537
410,559
410,565
410,570
410,572
410,593
410,679
410,717
410,722
410,745
410,840
410,845
411,421
411,439
411,460
411,534
411,540
411,543
411,576
411,577
411,583
411,588
411,626
411,649
411,655
411,660
411,663
411,679
411,698
411,703
411,720
411,749
411,836
411,966
411,972
411,973
411,981
412,470
412,505
412,508
412,520
412,523
412,539
412,553
412,585
412,619
412,627
412,640
412,641
412,665
412,723
412,739
412,969
412,981
413,420
413,457
413,470
413,475
413,481
413,509
413,529
413,541
413,560
413,569
413,577
413,607
413,613
413,643
413,644
413,652
413,663
413,692
413,731
413,746
413,929
414,458
414,495
414,547
414,554
414,583
414,606
414,611
414,654
414,669
414,677
414,682
414,694
414,701
414,750
414,818
414,832
414,889
414,926
415,424
415,486
415,490
415,537
415,558
415,574
415,589
415,591
415,604
415,626
415,656
415,665
415,673
415,701
415,876
415,954
416,446
416,452
416,462
416,487
416,521
416,556
416,574
416,629
416,638
416,656
416,657
416,674
416,720
416,740
416,743
416,747
417,448
417,469
417,473
417,502
417,526
417,529
417,531
417,535
417,540
417,548
417,603
417,663
417,701
417,710
417,721
417,729
417,732
417,876
417,996
418,441
418,446
418,483
418,535
418,617
418,637
418,642
418,655
418,670
418,682
418,685
418,707
418,712
418,722
419,423
419,433
419,449
419,457
419,500
419,552
419,554
419,564
419,589
419,595
419,607
419,646
419,651
419,677
419,680
419,686
419,966
420,442
420,443
420,453
420,466
420,513
420,520
420,526
420,531
420,595
420,615
420,617
420,624
420,640
420,664
420,703
420,704
420,709
420,712
420,723
420,741
420,827
420,918
421,434
421,450
421,466
421,481
421,483
421,484
421,529
421,565
421,583
421,584
421,620
421,626
421,632
421,642
421,673
421,718
421,745
421,782
421,962
421,974
421,980
422,428
422,455
422,468
422,491
422,515
422,561
422,582
422,623
422,650
422,660
422,691
422,705
422,708
422,722
422,826
422,840
422,920
423,466
423,469
423,501
423,518
423,522
423,535
423,574
423,589
423,617
423,628
423,655
423,671
423,682
423,704
423,749
423,845
423,877
423,891
424,481
424,489
424,494
424,578
424,590
424,607
424,609
424,621
424,645
424,647
424,701
424,724
425,434
425,441
425,449
425,456
425,509
425,559
425,627
425,662
425,706
425,714
425,721
425,732
425,774
425,908
425,956
426,452
426,473
426,483
426,497
426,508
426,513
426,548
426,553
426,578
426,609
426,666
426,710
426,711
426,734
426,745
426,952
427,432
427,433
427,446
427,454
427,459
427,480
427,484
427,513
427,515
427,519
427,570
427,587
427,588
427,591
427,594
427,615
427,654
427,668
427,671
427,673
427,707
427,715
427,716
428,438
428,443
428,466
428,500
428,544
428,545
428,574
428,581
428,613
428,643
428,649
428,657
428,670
428,679
428,738
428,745
428,837
429,477
429,633
429,637
429,676
429,701
429,708
429,728
429,743
429,846
429,973
430,442
430,461
430,464
430,470
430,475
430,476
430,484
430,486
430,492
430,497
430,507
430,518
430,533
430,537
430,552
430,561
430,567
430,580
430,587
430,637
430,639
430,671
430,715
430,735
430,740
430,805
430,851
430,995
431,492
431,566
431,616
431,638
431,659
431,705
431,718
431,720
431,721
431,735
431,883
431,958
432,448
432,490
432,491
432,494
432,513
432,520
432,544
432,555
432,560
432,562
432,570
432,612
432,620
432,631
432,647
432,677
432,689
432,701
432,704
432,707
432,727
432,738
432,869
432,873
432,972
433,501
433,561
433,583
433,605
433,606
433,656
433,664
433,671
433,687
433,692
433,698
433,867
433,868
433,875
433,886
433,961
433,989
434,465
434,466
434,530
434,533
434,545
434,564
434,575
434,595
434,620
434,635
434,643
434,673
434,688
434,719
434,729
434,920
435,457
435,458
435,461
435,469
435,477
435,479
435,534
435,539
435,574
435,617
435,629
435,631
435,642
435,651
435,665
435,668
435,671
435,683
435,701
435,822
435,900
436,443
436,448
436,465
436,466
436,472
436,523
436,555
436,639
436,660
436,673
436,675
436,721
436,736
436,816
436,923
437,484
437,493
437,508
437,547
437,551
437,581
437,591
437,600
437,613
437,614
437,662
437,696
437,706
437,720
437,726
437,735
437,805
437,905
438,484
438,503
438,518
438,523
438,538
438,560
438,591
438,599
438,626
438,646
438,678
438,681
438,697
438,703
438,725
438,731
438,742
438,889
439,465
439,516
439,524
439,548
439,574
439,575
439,607
439,609
439,621
439,634
439,648
439,651
439,664
439,729
439,742
439,943
440,445
440,453
440,458
440,509
440,565
440,610
440,614
440,621
440,718
440,809
440,894
440,907
441,443
441,464
441,491
441,504
441,505
441,523
441,531
441,551
441,558
441,559
441,583
441,593
441,610
441,627
441,675
441,694
441,712
441,734
441,890
442,450
442,475
442,477
442,484
442,491
442,525
442,527
442,533
442,547
442,565
442,574
442,623
442,631
442,644
442,647
442,673
442,681
442,726
442,768
442,804
442,951
442,959
443,449
443,488
443,514
443,515
443,516
443,553
443,573
443,610
443,618
443,632
443,645
443,663
443,685
443,697
443,706
443,715
443,738
443,739
443,748
443,934
444,454
444,479
444,503
444,505
444,508
444,522
444,531
444,536
444,545
444,554
444,562
444,577
444,585
444,641
444,652
444,683
444,721
444,730
444,747
444,785
444,845
444,979
444,983
445,456
445,483
445,535
445,537
445,561
445,567
445,622
445,674
445,704
445,720
445,737
445,738
445,774
446,466
446,476
446,511
446,522
446,537
446,551
446,558
446,619
446,621
446,638
446,654
446,677
446,683
446,687
446,692
446,708
446,726
446,734
446,780
446,910
446,969
446,996
447,486
447,488
447,534
447,538
447,539
447,623
447,661
447,693
447,698
447,715
447,720
447,763
447,862
447,887
448,454
448,461
448,477
448,495
448,502
448,530
448,569
448,584
448,611
448,632
448,640
448,649
448,670
448,671
448,677
448,679
448,733
449,470
449,535
449,551
449,562
449,570
449,588
449,597
449,613
449,618
449,623
449,642
449,653
449,662
449,667
449,704
449,706
449,737
449,749
449,774
450,464
450,545
450,553
450,576
450,581
450,589
450,625
450,636
450,675
450,699
450,700
450,779
450,895
450,914
450,921
451,452
451,458
451,520
451,524
451,525
451,550
451,568
451,570
451,604
451,607
451,613
451,629
451,652
451,712
451,729
451,735
451,936
452,530
452,564
452,565
452,597
452,600
452,605
452,618
452,620
452,624
452,648
452,652
452,700
452,839
452,902
452,971
452,974
453,457
453,484
453,496
453,538
453,592
453,622
453,638
453,648
453,711
453,773
453,939
453,967
454,477
454,481
454,524
454,545
454,558
454,602
454,624
454,670
454,728
454,909
454,959
454,995
455,491
455,495
455,535
455,559
455,568
455,631
455,641
455,663
455,698
455,717
455,722
455,724
455,730
455,740
455,743
455,892
455,906
455,919
455,985
455,986
456,489
456,505
456,511
456,532
456,566
456,591
456,603
456,661
456,662
456,669
456,711
456,743
456,777
456,816
456,824
456,981
457,470
457,471
457,523
457,597
457,619
457,645
457,680
457,691
457,703
457,705
458,471
458,510
458,544
458,612
458,682
458,683
458,716
458,718
458,734
458,818
458,890
458,997
459,467
459,472
459,479
459,509
459,532
459,538
459,548
459,554
459,589
459,637
459,668
459,683
459,691
459,720
459,724
459,735
459,954
460,516
460,517
460,529
460,532
460,559
460,571
460,575
460,655
460,666
460,684
460,717
460,744
460,773
460,799
461,480
461,504
461,510
461,513
461,527
461,551
461,559
461,573
461,636
461,640
461,650
461,652
461,664
461,706
461,710
461,727
461,731
461,733
461,777
461,877
461,887
462,575
462,593
462,629
462,630
462,715
462,732
462,780
462,908
463,476
463,479
463,499
463,500
463,516
463,531
463,542
463,548
463,554
463,581
463,584
463,588
463,613
463,614
463,649
463,671
463,675
463,686
463,689
463,719
463,738
463,785
463,920
463,931
464,518
464,541
464,592
464,618
464,634
464,635
464,672
464,695
464,696
464,698
464,732
464,776
464,911
464,991
465,475
465,510
465,532
465,552
465,585
465,591
465,599
465,613
465,661
465,684
465,714
465,736
465,743
465,767
465,881
466,491
466,494
466,511
466,528
466,557
466,602
466,612
466,662
466,675
466,691
466,713
466,719
466,722
466,735
466,749
466,947
466,968
467,510
467,523
467,529
467,545
467,546
467,615
467,711
467,720
467,735
467,741
468,487
468,503
468,507
468,515
468,530
468,534
468,580
468,592
468,595
468,603
468,623
468,630
468,631
468,635
468,639
468,690
468,702
468,710
468,721
468,732
468,747
468,750
468,831
468,914
469,548
469,550
469,590
469,602
469,654
469,683
469,700
469,716
469,744
469,932
469,965
470,476
470,487
470,517
470,521
470,562
470,563
470,572
470,627
470,651
470,709
470,721
470,729
471,475
471,480
471,482
471,484
471,501
471,502
471,525
471,532
471,533
471,558
471,578
471,586
471,588
471,596
471,601
471,635
471,647
471,673
471,709
471,720
471,736
471,812
471,881
471,898
472,483
472,485
472,505
472,531
472,532
472,536
472,567
472,570
472,596
472,649
472,650
472,701
472,703
472,717
472,724
472,749
472,756
472,775
472,787
473,496
473,497
473,512
473,517
473,519
473,526
473,552
473,576
473,587
473,590
473,597
473,629
473,670
473,675
473,683
473,745
473,747
473,749
473,777
473,811
473,972
474,503
474,584
474,603
474,621
474,627
474,635
474,648
474,710
474,762
474,783
474,792
474,901
474,966
475,501
475,503
475,507
475,511
475,512
475,520
475,565
475,568
475,580
475,606
475,652
475,742
475,760
475,817
475,823
475,920
475,980
475,989
476,484
476,510
476,514
476,516
476,519
476,547
476,549
476,553
476,566
476,579
476,587
476,593
476,651
476,676
476,704
476,718
476,720
476,726
476,733
476,734
476,747
476,874
476,954
477,484
477,530
477,540
477,552
477,564
477,572
477,573
477,592
477,598
477,624
477,649
477,654
477,658
477,674
477,675
477,710
477,715
477,747
477,855
477,890
478,508
478,513
478,522
478,583
478,603
478,618
478,623
478,649
478,660
478,680
478,704
478,714
478,721
478,970
479,500
479,506
479,542
479,590
479,593
479,614
479,615
479,642
479,669
479,725
479,734
479,741
479,751
479,839
479,965
479,972
479,983
480,492
480,495
480,501
480,517
480,599
480,611
480,625
480,654
480,687
480,693
480,730
480,733
480,846
480,865
481,530
481,552
481,570
481,580
481,622
481,677
481,683
481,694
481,708
481,710
481,741
481,775
481,985
482,489
482,491
482,531
482,533
482,597
482,615
482,656
482,670
482,683
482,719
482,722
482,737
482,741
482,799
482,820
482,907
482,922
483,515
483,527
483,543
483,548
483,553
483,585
483,590
483,592
483,610
483,679
483,688
483,715
483,782
483,793
484,506
484,511
484,522
484,538
484,648
484,681
484,698
484,737
484,765
484,893
484,947
485,540
485,562
485,567
485,606
485,664
485,683
485,685
485,705
485,713
485,717
485,722
485,726
485,733
485,767
485,824
486,488
486,496
486,526
486,528
486,536
486,562
486,569
486,581
486,586
486,589
486,592
486,602
486,636
486,641
486,650
486,689
486,703
486,705
486,708
486,722
486,816
487,489
487,502
487,506
487,532
487,568
487,577
487,598
487,600
487,648
487,698
488,505
488,532
488,565
488,575
488,577
488,620
488,660
488,661
488,669
488,699
488,742
488,908
488,949
488,996
489,515
489,550
489,552
489,574
489,616
489,636
489,666
489,669
489,700
489,705
489,707
489,725
489,768
489,811
489,859
489,965
490,501
490,526
490,538
490,540
490,561
490,603
490,649
490,651
490,682
490,687
490,770
490,880
490,920
490,975
491,518
491,540
491,566
491,569
491,616
491,642
491,648
491,655
491,687
491,712
491,745
491,782
491,789
491,844
491,975
491,990
492,501
492,503
492,505
492,512
492,518
492,550
492,576
492,580
492,594
492,624
492,644
492,649
492,650
492,673
492,712
492,715
492,735
493,515
493,525
493,534
493,546
493,552
493,566
493,576
493,591
493,606
493,623
493,635
493,653
493,664
493,691
493,699
493,773
494,510
494,521
494,552
494,573
494,583
494,610
494,684
494,706
494,769
494,849
495,530
495,535
495,538
495,568
495,577
495,578
495,592
495,612
495,627
495,642
495,676
495,688
495,703
495,710
495,979
496,513
496,518
496,526
496,529
496,571
496,605
496,624
496,649
496,668
496,669
496,795
496,805
496,932
497,518
497,525
497,530
497,542
497,549
497,579
497,593
497,615
497,617
497,630
497,679
497,683
497,690
497,710
497,713
497,724
497,775
497,951
497,968
498,522
498,531
498,553
498,571
498,574
498,583
498,621
498,635
498,660
498,669
498,699
498,713
498,727
499,557
499,587
499,611
499,616
499,625
499,723
499,735
500,503
500,574
500,641
500,657
500,685
500,700
500,709
500,714
500,737
500,739
500,985
501,525
501,535
501,543
501,586
501,592
501,605
501,674
501,689
501,723
501,734
501,776
501,999
502,515
502,531
502,545
502,564
502,570
502,577
502,579
502,600
502,632
502,642
502,699
502,702
502,878
502,931
503,512
503,519
503,540
503,567
503,568
503,570
503,580
503,581
503,583
503,585
503,592
503,663
503,696
503,732
503,735
503,876
503,891
503,932
503,991
504,505
504,528
504,542
504,579
504,581
504,623
504,656
504,663
504,670
504,717
504,871
504,927
505,513
505,572
505,574
505,575
505,588
505,595
505,599
505,620
505,634
505,646
505,678
505,680
505,700
505,744
505,745
505,747
505,833
505,839
506,526
506,528
506,559
506,571
506,572
506,575
506,593
506,610
506,624
506,637
506,663
506,695
506,718
506,739
506,924
507,513
507,520
507,565
507,566
507,590
507,597
507,602
507,603
507,694
507,697
507,722
507,738
507,742
507,807
508,522
508,554
508,575
508,580
508,588
508,589
508,611
508,615
508,715
508,719
508,867
508,896
508,966
509,517
509,547
509,554
509,590
509,619
509,634
509,639
509,666
509,684
509,686
509,693
509,699
509,778
509,876
510,535
510,542
510,546
510,562
510,589
510,636
510,710
510,724
510,850
510,885
511,553
511,561
511,575
511,627
511,632
511,667
511,677
511,701
511,731
511,739
511,741
511,756
511,817
511,845
512,527
512,528
512,548
512,556
512,559
512,569
512,591
512,593
512,600
512,634
512,640
512,643
512,712
512,725
512,737
512,767
512,787
512,962
513,576
513,585
513,591
513,592
513,602
513,619
513,660
513,674
513,691
513,725
513,742
514,526
514,558
514,561
514,564
514,568
514,607
514,627
514,628
514,644
514,676
514,736
514,944
515,529
515,557
515,563
515,569
515,576
515,599
515,635
515,644
515,650
515,678
515,705
515,720
515,721
515,726
515,730
515,782
515,941
515,953
516,531
516,535
516,545
516,548
516,555
516,561
516,583
516,603
516,618
516,648
516,655
516,662
516,671
516,680
516,684
516,710
516,715
516,747
516,918
517,523
517,562
517,578
517,585
517,621
517,622
517,630
517,667
517,679
517,680
517,688
517,804
518,521
518,526
518,539
518,564
518,587
518,610
518,620
518,637
518,683
518,689
518,701
518,738
518,866
519,541
519,555
519,578
519,599
519,615
519,616
519,646
519,655
519,660
519,682
519,685
519,691
519,716
519,817
519,909
519,973
520,522
520,546
520,601
520,678
520,726
520,744
520,746
520,868
521,530
521,582
521,605
521,622
521,645
521,651
521,675
521,678
521,705
521,709
521,964
521,999
522,543
522,548
522,579
522,604
522,630
522,653
522,673
522,705
522,731
522,740
522,938
523,528
523,545
523,570
523,600
523,604
523,613
523,717
523,736
523,998
524,530
524,534
524,560
524,563
524,589
524,615
524,675
524,687
524,688
524,704
524,707
524,724
524,734
524,773
525,548
525,558
525,564
525,588
525,590
525,626
525,687
525,710
525,719
526,541
526,551
526,574
526,591
526,622
526,629
526,636
526,637
526,640
526,662
526,669
527,558
527,562
527,565
527,569
527,594
527,598
527,624
527,628
527,629
527,653
527,679
527,738
527,741
527,831
527,931
527,971
528,534
528,546
528,550
528,562
528,575
528,606
528,631
528,641
528,653
528,655
528,660
528,670
528,689
528,696
528,703
528,707
528,709
528,747
528,964
529,564
529,585
529,601
529,623
529,682
529,732
529,745
529,771
529,812
529,818
530,549
530,553
530,563
530,568
530,580
530,604
530,605
530,612
530,615
530,633
530,636
530,641
530,656
530,667
530,681
530,705
530,706
530,717
530,740
530,768
530,808
530,888
530,919
530,945
531,538
531,555
531,571
531,617
531,629
531,643
531,644
531,647
531,654
531,675
531,782
531,801
531,821
532,627
532,655
532,670
532,673
532,687
532,688
532,703
532,944
532,963
533,550
533,551
533,575
533,576
533,607
533,612
533,620
533,642
533,671
533,673
533,732
533,860
533,892
534,544
534,563
534,567
534,614
534,615
534,661
534,668
534,670
534,677
534,693
534,738
534,745
534,746
535,548
535,563
535,575
535,576
535,595
535,610
535,661
535,669
535,672
535,675
535,678
535,680
535,690
535,698
535,958
536,552
536,577
536,589
536,674
536,680
536,692
536,717
536,747
536,808
536,828
537,538
537,544
537,555
537,560
537,573
537,620
537,623
537,627
537,662
537,730
538,546
538,616
538,619
538,685
538,694
538,729
538,743
538,749
538,780
539,554
539,561
539,593
539,597
539,624
539,647
539,651
539,680
539,698
539,714
539,718
539,741
539,742
539,812
539,837
539,845
539,900
539,910
539,928
540,546
540,550
540,620
540,765
541,598
541,621
541,670
541,721
541,739
541,881
541,893
541,931
542,563
542,567
542,582
542,585
542,664
542,681
542,691
542,692
542,693
542,713
542,733
542,739
542,998
543,571
543,630
543,640
543,668
543,687
543,705
543,711
543,746
543,749
543,879
544,567
544,571
544,593
544,616
544,619
544,648
544,655
544,663
544,674
544,675
544,679
544,691
544,699
544,728
544,740
544,760
544,767
544,848
544,898
545,617
545,639
545,651
545,654
545,726
545,732
546,581
546,597
546,615
546,652
546,666
546,701
546,708
546,754
547,590
547,625
547,678
547,679
547,686
547,697
547,704
547,716
547,718
547,735
547,942
548,551
548,553
548,706
548,713
548,880
548,907
549,551
549,575
549,615
549,633
549,649
549,661
549,669
549,692
549,695
549,730
549,732
549,981
550,561
550,562
550,566
550,574
550,631
550,647
550,669
550,687
550,719
550,743
550,744
550,909
550,912
551,558
551,565
551,575
551,594
551,595
551,598
551,678
551,700
552,586
552,645
552,663
552,675
552,680
552,685
552,690
552,700
552,711
552,714
552,719
552,739
552,855
552,858
553,559
553,570
553,580
553,581
553,593
553,631
553,632
553,640
553,714
553,715
553,726
553,861
554,570
554,610
554,624
554,628
554,670
554,680
554,730
554,748
554,752
554,807
554,840
554,956
555,568
555,581
555,616
555,652
555,653
555,684
555,693
555,697
555,718
555,734
555,957
556,561
556,571
556,596
556,608
556,629
556,638
556,658
556,671
556,702
556,704
556,731
556,736
556,816
557,569
557,581
557,593
557,670
557,673
557,694
557,717
557,749
557,927
558,599
558,605
558,658
558,677
558,705
558,713
558,771
559,565
559,566
559,580
559,588
559,632
559,637
559,640
559,644
559,685
559,732
560,563
560,570
560,577
560,616
560,656
560,657
560,670
560,696
560,698
560,722
560,747
560,838
560,856
560,872
560,880
560,921
560,939
561,581
561,596
561,608
561,618
561,624
561,661
561,681
561,682
561,687
561,708
561,718
561,721
561,735
561,746
561,847
561,905
561,947
561,976
562,570
562,575
562,588
562,595
562,649
562,678
562,682
562,704
562,722
562,738
562,794
562,881
562,922
562,995
563,571
563,572
563,587
563,590
563,659
563,710
563,712
563,742
563,790
563,810
564,585
564,590
564,596
564,604
564,614
564,637
564,661
564,680
564,723
564,729
564,821
564,835
565,691
565,705
565,707
565,732
566,584
566,611
566,617
566,658
566,691
566,696
566,729
567,576
567,587
567,607
567,629
567,633
567,645
567,660
567,666
567,707
567,743
567,746
567,747
568,570
568,583
568,591
568,600
568,604
568,623
568,627
568,693
568,705
568,725
568,736
568,748
568,875
568,897
568,932
568,940
569,586
569,637
569,651
569,658
569,691
569,696
569,714
569,868
569,873
570,572
570,577
570,580
570,592
570,611
570,616
570,630
570,640
570,657
570,668
570,671
570,690
570,705
570,718
570,721
570,724
570,726
570,737
570,802
570,866
570,947
570,975
571,573
571,583
571,602
571,616
571,621
571,645
571,656
571,659
571,686
571,705
571,731
571,743
571,926
572,601
572,642
572,655
572,681
572,688
572,699
572,716
572,725
572,738
572,746
572,857
572,894
572,902
572,972
572,975
573,602
573,627
573,648
573,650
573,663
573,667
573,670
573,730
573,747
573,908
573,955
574,593
574,605
574,627
574,635
574,663
574,671
574,720
574,721
574,732
574,741
574,844
574,857
575,585
575,653
575,667
575,696
575,730
575,737
575,742
575,851
576,601
576,629
576,654
576,659
576,662
576,663
576,664
576,666
576,677
576,681
576,714
576,715
576,717
576,725
576,738
577,599
577,607
577,615
577,630
577,643
577,676
577,688
577,694
577,746
577,845
578,619
578,624
578,632
578,639
578,643
578,652
578,667
578,714
578,731
578,735
578,745
578,776
578,840
578,858
579,594
579,596
579,613
579,648
579,649
579,713
579,716
579,724
579,742
579,872
579,907
580,653
580,658
580,660
580,678
580,683
580,689
580,714
580,767
580,856
580,971
581,611
581,627
581,633
581,661
581,689
581,697
581,738
581,741
581,745
581,854
582,595
582,629
582,634
582,648
582,658
582,683
582,707
582,731
582,732
582,745
582,771
582,887
582,970
582,989
583,657
583,700
583,775
583,974
584,661
584,663
584,690
584,697
585,591
585,599
585,603
585,657
585,668
585,687
585,696
585,709
585,735
585,736
586,598
586,703
586,734
586,736
586,742
586,778
586,834
586,940
587,602
587,614
587,698
587,726
587,729
587,730
587,753
587,829
587,848
587,931
588,607
588,608
588,629
588,634
588,669
588,670
588,674
588,677
588,682
588,748
589,622
589,625
589,705
589,731
589,736
589,843
590,599
590,608
590,613
590,615
590,622
590,635
590,639
590,660
590,690
590,719
590,721
590,976
591,602
591,614
591,632
591,644
591,651
591,668
591,671
591,674
591,687
591,688
591,693
591,694
591,710
591,735
591,775
592,612
592,643
592,671
592,694
592,698
592,702
592,714
592,727
592,748
592,894
593,603
593,619
593,644
593,706
593,714
593,736
593,740
593,836
593,995
594,604
594,606
594,639
594,658
594,660
594,676
594,681
594,686
594,702
594,734
594,807
594,924
595,600
595,608
595,621
595,622
595,631
595,643
595,651
595,654
595,665
595,681
595,720
595,769
596,604
596,644
596,652
596,674
596,696
596,702
596,723
596,763
596,939
597,633
597,643
597,665
597,715
597,720
597,727
597,737
597,881
598,614
598,617
598,645
598,657
598,732
598,733
598,973
599,649
599,651
599,654
599,660
599,668
599,678
599,688
599,697
599,731
599,733
599,740
600,632
600,656
600,671
600,693
600,705
600,721
600,726
600,733
600,743
600,745
600,904
600,956
601,607
601,609
601,620
601,625
601,656
601,662
601,665
601,682
601,691
601,692
601,700
601,706
601,727
601,744
601,807
601,855
601,908
601,956
602,606
602,639
602,661
602,671
602,698
602,701
602,706
602,734
602,872
603,612
603,631
603,654
603,703
603,704
603,705
603,710
603,726
603,779
604,619
604,629
604,636
604,654
604,660
604,666
604,676
604,691
604,717
604,728
604,729
604,732
604,735
604,878
605,631
605,634
605,646
605,648
605,657
605,667
605,713
605,717
605,730
605,822
605,937
606,611
606,652
606,686
606,689
606,705
606,710
606,746
606,824
606,828
606,925
607,622
607,631
607,656
607,706
607,721
607,727
607,771
608,617
608,650
608,663
608,675
608,696
608,756
609,634
609,637
609,688
609,714
609,734
609,933
610,623
610,710
610,716
610,735
610,926
611,613
611,618
611,625
611,666
611,695
611,698
611,703
611,706
611,721
611,732
611,744
611,793
611,813
612,618
612,623
612,626
612,679
612,703
612,721
612,728
612,730
612,732
612,746
612,748
612,923
612,942
613,625
613,626
613,636
613,643
613,646
613,657
613,659
613,704
613,707
613,709
613,719
613,723
613,737
613,744
613,746
613,899
613,911
613,941
614,624
614,651
614,711
614,776
615,617
615,630
615,636
615,644
615,677
615,712
615,720
615,913
616,628
616,633
616,639
616,651
616,673
616,695
616,708
616,716
616,783
616,857
616,873
617,624
617,631
617,644
617,649
617,652
617,716
617,724
617,731
617,788
617,847
617,950
618,641
618,665
618,669
618,670
618,714
618,732
618,737
618,750
619,635
619,637
619,655
619,670
619,675
619,677
619,687
619,695
619,715
619,863
619,875
620,626
620,633
620,635
620,683
620,691
620,696
620,710
620,713
620,720
620,731
620,792
620,895
620,896
620,928
621,624
621,666
621,668
621,693
621,698
621,708
621,726
621,857
622,641
622,650
622,668
622,672
622,677
622,726
622,733
622,763
622,766
622,789
623,632
623,633
623,638
623,682
623,744
623,795
623,951
623,995
624,637
624,656
624,667
624,670
624,680
624,683
624,694
624,703
624,722
624,723
624,737
624,743
624,847
624,857
625,654
625,685
625,686
625,704
625,723
625,727
625,732
625,735
625,826
625,873
626,634
626,683
626,692
626,719
626,729
627,690
627,704
627,711
627,724
627,793
627,930
627,960
628,679
628,843
628,958
629,632
629,725
629,748
629,776
629,812
629,830
629,860
629,861
629,969
630,638
630,669
630,671
630,683
630,692
630,722
630,724
630,744
630,840
631,635
631,685
631,708
631,723
631,743
631,826
631,831
631,907
632,646
632,653
632,699
632,764
632,818
632,922
633,658
633,674
633,711
633,749
633,869
633,904
633,931
633,947
634,650
634,669
634,696
634,711
634,742
634,745
634,784
634,859
635,659
635,664
635,672
635,683
635,702
635,710
635,745
636,640
636,649
636,657
636,668
636,676
636,677
636,689
636,694
637,652
637,668
637,681
637,686
637,688
637,730
637,771
637,819
638,645
638,665
638,671
638,673
638,714
638,746
638,749
638,803
638,917
639,649
639,651
639,687
639,743
639,986
640,656
640,679
640,688
640,700
640,705
640,744
640,939
641,659
641,672
641,673
641,676
641,691
641,694
641,715
641,716
641,735
641,830
641,915
642,675
642,712
642,857
642,879
643,654
643,690
643,733
643,734
643,918
644,658
644,673
644,701
644,742
644,869
644,935
645,688
645,729
645,935
645,986
646,682
646,703
646,717
646,723
646,735
646,775
647,665
647,680
647,684
647,685
647,687
647,688
647,691
647,703
647,733
647,741
647,743
647,794
647,824
648,654
648,715
648,724
649,658
649,659
649,676
649,697
649,722
649,749
650,653
650,689
650,733
650,777
650,839
650,904
651,653
651,665
651,688
651,714
651,717
651,798
651,925
652,676
652,698
652,700
652,789
652,797
652,839
652,858
653,659
653,661
653,685
653,706
653,710
653,743
653,907
654,660
654,674
654,739
654,769
654,801
655,664
655,675
655,682
655,695
655,736
655,781
656,669
656,698
656,731
657,675
657,686
657,708
657,719
657,737
657,827
657,967
658,660
658,671
658,689
658,694
658,705
658,713
658,728
658,735
658,955
659,670
659,692
659,699
659,729
659,840
659,870
660,670
660,672
660,689
660,706
660,715
660,716
660,780
660,839
660,949
660,958
660,977
661,685
661,702
661,704
661,715
661,760
661,932
661,995
662,663
662,691
662,797
662,853
663,719
663,731
663,735
663,743
663,748
663,818
664,666
664,669
664,693
664,706
664,740
664,938
665,667
665,710
665,724
665,746
665,800
665,850
665,940
666,673
666,677
666,707
666,735
666,881
666,980
667,676
667,681
667,711
667,726
667,794
668,693
668,701
668,706
668,725
668,823
669,687
669,771
669,940
669,941
669,983
670,671
670,676
670,681
670,682
670,700
670,701
670,723
670,988
671,679
671,688
671,689
671,696
671,735
671,737
671,784
671,791
671,893
672,696
672,703
672,730
672,839
672,880
672,971
673,690
673,693
673,700
673,738
673,843
673,860
673,888
674,676
674,688
674,706
674,726
674,728
674,733
674,774
674,834
674,894
674,958
675,699
675,724
675,733
675,754
675,760
675,851
675,906
675,999
676,680
676,687
676,719
676,722
676,896
676,915
677,687
677,696
677,706
677,732
677,749
677,866
678,693
678,701
678,706
678,712
678,714
678,723
678,740
678,763
678,982
679,728
679,741
679,757
679,973
680,690
680,743
680,745
680,779
681,736
681,743
681,812
682,702
682,732
682,796
682,819
682,845
682,855
683,697
683,705
683,712
683,723
683,804
683,875
683,892
684,716
684,744
684,769
684,873
684,882
684,946
684,995
685,742
685,761
685,824
685,896
686,694
686,709
686,725
686,737
686,749
686,922
687,689
687,699
687,852
687,903
688,725
688,734
688,781
689,691
689,710
689,728
689,921
689,969
690,711
690,721
690,724
690,846
691,719
691,733
691,739
691,771
691,929
692,724
692,735
692,745
692,747
692,800
692,835
692,919
693,725
693,737
693,766
694,696
694,716
694,739
694,740
694,753
694,797
695,706
695,736
696,700
696,707
696,717
696,777
696,827
696,911
696,921
697,708
697,727
697,821
698,704
698,733
698,832
698,985
699,713
699,730
699,787
699,794
699,826
699,859
699,909
700,719
700,738
700,799
700,914
701,734
701,747
701,749
701,780
701,967
702,746
702,787
702,909
702,991
703,711
703,745
703,847
703,904
704,872
705,720
705,721
705,727
705,794
706,708
706,913
706,965
707,714
707,715
707,749
707,789
707,831
707,989
708,717
708,911
709,710
709,736
709,744
709,745
709,775
709,960
709,983
710,729
710,965
711,718
711,722
711,727
711,771
712,728
712,807
713,744
713,940
713,964
714,716
714,720
714,742
714,983
715,887
715,962
716,734
716,743
716,882
717,739
717,746
717,747
717,912
718,937
719,734
719,888
720,735
720,861
720,879
720,963
721,728
721,807
722,723
722,738
723,742
723,934
724,725
724,945
724,947
725,726
725,792
726,731
726,775
726,823
726,835
726,894
727,733
727,738
727,772
727,912
728,730
728,739
728,742
728,906
729,754
730,802
730,934
731,738
731,752
731,780
731,818
731,861
731,888
731,914
731,920
731,923
731,998
732,739
732,803
732,950
732,991
733,746
733,830
734,739
734,746
734,783
734,796
734,885
735,739
735,841
736,740
737,740
737,816
737,817
738,897
739,749
739,761
740,993
741,744
741,772
741,782
741,794
741,921
742,746
742,790
742,827
742,829
742,924
742,948
742,966
742,986
743,899
743,940
745,820
745,852
746,931
746,947
746,975
747,748
747,873
747,954
748,968
749,846
749,958
749,997
750,793
750,856
750,880
750,904
750,912
750,954
751,777
751,817
751,818
751,848
751,854
751,880
751,898
751,904
751,906
751,918
751,920
751,942
752,769
752,774
752,803
752,812
752,828
752,869
752,877
752,907
752,937
752,948
752,963
752,972
752,981
753,762
753,769
753,787
753,813
753,817
753,821
753,825
753,835
753,851
753,870
753,874
753,876
753,887
753,944
753,961
753,976
753,995
754,760
754,768
754,807
754,839
754,870
754,873
754,879
754,902
754,916
754,944
754,947
754,974
754,976
754,996
755,762
755,793
755,807
755,872
755,915
755,927
755,932
755,937
755,947
755,970
756,765
756,771
756,837
756,864
756,867
756,868
756,880
756,891
756,957
756,960
756,978
757,802
757,818
757,824
757,839
757,842
757,869
757,875
757,898
757,934
757,936
757,960
758,767
758,785
758,813
758,892
758,893
758,898
758,984
759,790
759,804
759,849
759,852
759,863
759,909
759,980
760,793
760,865
760,898
760,908
760,971
761,785
761,813
761,845
761,852
761,872
761,892
761,904
761,912
761,925
761,927
761,964
761,974
761,984
761,997
762,793
762,810
762,829
762,833
762,838
762,868
762,926
762,945
762,969
762,984
762,995
763,772
763,785
763,796
763,797
763,807
763,812
763,825
763,924
763,931
763,954
764,765
764,773
764,803
764,827
764,844
764,903
764,944
764,999
765,777
765,815
765,900
765,941
765,946
765,960
765,961
765,964
765,972
765,979
766,776
766,800
766,810
766,836
766,857
766,865
766,887
766,913
766,928
766,932
766,962
766,964
766,989
767,773
767,809
767,829
767,831
767,867
767,904
767,945
767,976
767,984
768,781
768,807
768,822
768,848
768,854
768,906
768,910
768,946
768,955
768,967
769,794
769,810
769,820
769,821
769,827
769,845
769,871
769,875
769,895
769,934
769,945
769,958
769,961
769,976
769,993
770,806
770,834
770,859
770,861
770,886
770,906
770,950
770,953
771,774
771,782
771,803
771,839
771,845
771,872
771,883
771,894
771,901
771,941
771,952
771,955
771,967
771,999
772,791
772,801
772,811
772,832
772,861
772,896
772,904
772,957
772,961
772,970
773,777
773,778
773,779
773,784
773,799
773,817
773,853
773,880
773,890
773,891
773,911
773,919
773,925
773,931
773,943
774,784
774,811
774,855
774,857
774,956
775,868
775,896
775,917
775,921
775,953
775,970
775,974
776,847
776,862
776,905
776,917
776,951
776,953
776,984
776,997
777,835
777,860
777,863
777,880
777,885
777,921
777,923
777,937
777,945
777,946
778,846
778,915
778,966
778,973
779,800
779,806
779,827
779,838
779,851
779,856
779,877
779,952
779,969
779,970
779,972
779,975
779,981
780,782
780,786
780,803
780,885
780,899
780,901
780,980
780,996
781,803
781,810
781,850
781,887
781,933
782,860
782,922
782,936
782,968
782,998
783,786
783,805
783,830
783,833
783,838
783,845
783,867
783,913
783,921
783,924
783,932
783,935
783,948
783,962
783,998
784,789
784,806
784,824
784,860
784,861
784,896
784,919
784,926
784,933
784,983
784,986
785,800
785,810
785,820
785,833
785,838
785,882
785,886
785,912
785,924
785,947
785,966
786,789
786,806
786,812
786,869
786,887
786,910
786,938
786,960
786,988
787,818
787,829
787,831
787,833
787,850
787,869
787,890
787,912
787,923
787,957
788,793
788,805
788,813
788,866
788,901
788,932
788,952
788,963
788,994
788,999
789,810
789,828
789,829
789,866
789,890
789,901
790,807
790,834
790,840
790,861
790,862
790,871
790,875
790,886
790,931
790,961
790,977
790,980
791,816
791,835
791,850
791,913
791,930
791,965
791,983
791,998
792,800
792,847
792,848
792,862
792,869
792,895
792,911
792,920
792,948
792,954
792,960
792,996
793,796
793,809
793,820
793,836
793,884
793,900
793,985
794,829
794,865
794,920
794,927
794,971
795,797
795,827
795,844
795,896
795,937
795,945
795,990
796,803
796,810
796,832
796,848
796,895
796,908
796,937
796,942
796,970
797,827
797,849
797,853
797,873
797,935
797,955
797,970
798,800
798,837
798,844
798,904
798,914
798,929
798,948
798,970
799,807
799,825
799,882
799,885
799,897
799,937
799,949
799,956
799,985
799,986
800,841
800,846
800,863
800,933
800,953
800,959
800,987
800,995
800,996
800,999
801,817
801,819
801,870
801,898
801,904
801,928
801,945
801,982
802,807
802,820
802,824
802,862
802,880
802,904
802,906
802,922
802,955
802,980
803,850
803,866
803,886
803,898
803,934
803,937
803,948
803,988
804,832
804,840
804,858
804,881
804,937
804,981
805,834
805,848
805,880
805,911
805,914
805,935
805,976
805,986
806,825
806,851
806,873
806,891
806,940
806,944
806,980
807,819
807,823
807,851
807,855
807,879
807,893
807,960
807,977
807,995
808,850
808,853
808,876
808,878
808,905
808,933
808,948
808,974
808,982
808,993
809,830
809,839
809,871
809,874
809,954
809,991
810,811
810,821
810,839
810,848
810,850
810,879
810,888
810,894
810,936
810,943
810,946
810,977
811,837
811,849
811,889
811,983
812,819
812,845
812,857
812,858
812,860
812,863
812,898
812,917
812,920
812,936
813,826
813,925
813,928
813,958
813,985
813,996
814,826
814,827
814,858
814,910
814,929
814,938
814,964
814,966
815,833
815,846
815,875
815,891
815,897
815,910
815,947
815,953
816,845
816,870
816,875
816,889
816,910
816,921
816,966
816,985
817,823
817,884
817,897
817,919
817,974
817,980
817,992
817,997
818,829
818,882
818,918
818,950
818,985
818,998
819,822
819,901
819,905
819,931
819,939
819,972
819,973
819,997
820,824
820,825
820,827
820,851
820,870
820,874
820,930
820,941
820,944
820,951
820,964
820,984
821,832
821,834
821,860
821,885
821,888
821,919
821,942
821,944
822,831
823,843
823,864
823,867
823,900
823,966
823,977
823,999
824,841
824,848
824,860
824,886
824,938
824,974
824,982
824,985
824,991
824,996
825,893
825,899
825,973
826,876
826,879
826,922
826,934
826,956
826,971
826,980
826,994
827,832
827,835
827,967
827,969
827,981
828,835
829,844
829,884
829,944
829,976
829,981
830,843
830,847
830,861
830,881
830,900
830,924
831,878
831,892
831,898
831,907
831,936
831,951
831,965
831,977
831,991
832,836
832,848
832,891
832,930
832,936
832,954
832,960
832,986
832,999
833,881
833,884
833,885
833,899
833,943
833,946
833,947
833,973
833,998
834,873
834,880
834,885
834,919
834,932
834,933
834,953
834,954
834,969
835,845
835,900
835,929
835,998
836,838
836,846
836,861
836,912
836,992
837,901
837,902
837,979
838,842
838,881
838,928
838,931
838,948
838,965
839,850
839,854
839,874
839,894
839,952
839,955
839,959
839,992
840,862
840,871
840,878
840,894
840,898
840,904
840,912
840,915
840,926
840,928
840,929
840,937
840,946
840,980
840,992
840,994
841,846
841,863
841,886
841,912
841,925
841,940
842,861
842,887
842,892
842,895
842,903
842,912
842,946
843,875
843,884
843,899
843,922
843,933
843,940
843,952
843,989
843,997
843,999
844,863
844,878
844,891
844,896
844,907
844,990
845,886
845,898
845,935
845,946
845,948
845,953
845,971
845,972
846,865
846,914
846,936
846,948
846,978
846,983
846,989
847,852
847,865
847,875
847,887
847,938
847,959
848,920
848,921
848,939
848,978
849,862
849,959
850,871
850,900
850,922
850,923
850,946
851,887
851,893
851,918
851,951
851,993
851,999
852,861
852,869
852,886
852,891
852,904
852,930
852,937
852,957
852,959
852,986
852,997
853,860
853,865
853,877
853,890
853,893
853,937
853,954
853,984
853,991
854,861
854,888
854,907
854,925
854,933
854,942
854,944
854,986
855,985
855,994
856,874
856,904
856,945
856,963
856,994
857,866
857,882
857,897
857,955
857,988
858,879
858,887
858,915
858,937
858,973
858,997
859,862
859,887
859,909
859,926
859,931
860,877
860,892
860,985
861,891
861,900
861,913
861,932
861,940
861,949
861,951
861,977
861,988
862,865
862,930
862,954
862,970
862,988
863,865
863,870
863,963
863,975
864,866
864,890
864,891
864,895
864,898
864,920
864,925
864,933
864,935
864,940
865,897
865,973
865,977
865,999
866,868
866,878
866,882
866,907
867,885
867,918
867,925
867,943
867,949
867,953
867,958
867,966
867,991
868,882
868,885
868,903
868,996
869,882
869,896
869,926
869,959
869,967
869,968
869,981
870,889
870,945
870,970
870,979
870,987
871,887
871,914
871,916
871,957
871,975
871,978
872,884
872,886
872,916
872,927
872,956
872,966
872,979
872,981
872,993
873,875
873,881
873,912
873,932
873,939
873,953
873,979
873,981
873,989
874,875
874,909
874,925
874,940
874,944
874,949
874,979
875,939
875,958
875,975
876,897
876,911
876,945
876,947
877,926
878,882
878,905
878,911
878,923
878,941
878,954
878,978
878,985
878,998
879,931
879,933
879,937
879,955
879,964
880,896
880,910
880,944
880,954
880,975
880,998
881,893
881,910
881,940
881,966
881,978
882,888
882,894
882,915
882,947
882,960
882,990
883,897
883,933
883,959
884,940
884,944
884,960
884,970
884,973
885,982
885,983
885,998
886,889
886,900
886,945
886,959
887,899
887,927
887,933
887,938
887,989
888,935
888,948
888,949
888,956
888,961
888,982
888,985
890,934
890,996
891,894
891,906
891,923
891,928
892,942
892,953
893,931
893,956
893,970
893,976
894,895
894,919
894,978
895,913
895,930
895,939
895,972
895,983
895,985
896,906
896,921
896,938
896,954
896,999
897,956
897,976
898,938
899,908
899,913
899,939
899,954
900,924
900,932
900,938
900,949
900,961
900,995
901,914
901,919
901,974
901,989
902,948
902,977
903,914
903,936
903,972
903,976
903,995
904,914
904,932
904,933
904,940
904,944
904,953
904,963
904,973
904,993
905,989
906,928
906,951
906,979
906,985
907,913
907,914
907,933
907,937
907,941
907,963
907,993
908,971
908,985
908,996
908,998
908,999
909,928
909,936
909,944
909,952
909,984
909,991
910,920
910,927
910,930
910,931
910,937
910,972
910,979
911,913
911,950
911,970
912,919
912,948
912,974
913,946
913,952
913,955
913,956
913,987
913,994
914,924
914,944
914,979
915,921
915,951
915,988
916,944
916,956
916,972
916,996
917,938
917,941
917,976
918,921
918,931
918,933
919,933
919,935
919,948
919,960
919,976
920,931
921,935
921,956
921,964
921,981
922,938
922,958
922,975
923,924
923,929
923,932
923,952
923,959
923,972
923,993
924,952
924,985
925,926
925,947
925,963
925,984
926,933
926,939
926,964
926,991
927,944
927,952
927,967
928,975
928,982
928,992
928,994
929,944
930,940
930,959
931,968
931,974
931,987
932,937
932,975
932,978
933,968
934,935
934,967
934,974
935,942
935,954
935,959
935,985
935,994
937,946
937,993
937,994
938,969
939,988
939,999
940,952
940,965
940,991
941,953
941,984
942,950
942,964
942,974
943,948
943,979
944,959
944,975
945,976
946,966
946,983
947,962
948,984
949,986
950,974
950,983
951,966
951,982
952,966
952,969
952,999
953,980
953,996
954,973
954,986
954,998
955,957
955,974
955,989
955,991
956,998
957,999
958,971
958,976
958,984
959,966
959,972
960,995
963,964
963,983
964,980
964,986
964,987
965,996
966,968
966,983
967,978
967,984
968,987
968,990
969,984
969,996
970,972
970,981
970,986
971,979
972,984
973,982
974,979
975,979
977,980
980,998
985,992
987,996
988,995
990,997
990,999
991,994
991,995
